Name,City,District,Street,Postal Address,Phone,Votes,Rating Stars,Kind,Site
1953 Kafe,Bakı,Səbail rayonu,Tərlan Əliyarbəyov küçəsi,9 AZ1000,(+99412) 598-31-73,*** 6 səs,5,Kafelər,http://www.facebook.com/1953kafe/timeline
3 Bochki,Bakı,Nəsimi rayonu,Dilarə Əliyeva küçəsi,251 AZ1010,(+99412) 498-08-12,*** 3 səs,5,Restoranlar,No Site
7 Gözəl Restaurant and Lounge,Bakı,Səbail rayonu,Lermontov küçəsi,123 AZ1001,(+99412) 505-02-03,*** 4 səs,5,Azərbaycan mətbəxi,http://www.facebook.com/pages/7-Gozel-Restaurant-Lounge/1462862043941957
Ada Restoranı,Bakı,Yasamal rayonu,Murtuza Muxtarov küçəsi,179 AZ1000,(+99412) 436-83-29,*** 6 səs,5,Azərbaycan mətbəxi,No Site
Adana Restoranı,Bakı,Xətai rayonu,Süleyman Vəzirov küçəsi,22 AZ1025,(+99412) 480-29-90,*** 3 səs,5,Türk mətbəxi,No Site
Adanalı Hasan Kolcuoğlu,Bakı,Yasamal rayonu,Həsənbəy Zərdabi küçəsi,20 AZ1000,(+99412) 565-71-35,No Rating,4,Türk mətbəxi,No Site
Akdeniz Lahmacun,Bakı,6-cı mikrorayon,İlqar Cümşüdov küçəsi,1C AZ1000,(+99412) 480-47-78,*** 11 səs,5,Türk mətbəxi,No Site
Albalıq restoranı,Bakı,Nəsimi rayonu,Bakıxanov küçəsi,88D AZ1000,(+99412) 441-11-80,No Rating,4,Yeməyin çatdırılması,http://www.facebook.com/albaliq?fref=ts
Alhambra Lounge,Bakı,Nəsimi rayonu,Süleyman Rüstəm küçəsi,21 AZ1000,(+99412) 441-32-99,No Rating,4,Yeməyin çatdırılması,No Site
Alma Restoranı,Bakı,Səbail rayonu,Tərlan Əliyarbəyov küçəsi,8 AZ1000,(+99412) 493-49-23,*** 4 səs,5,Kafelər,http://www.facebook.com/alma.restoran
Alov Restoran,Bakı,Səbail rayonu,Mehdi Hüseynzadə küçəsi,1A AZ1006,(+99412) 565-48-48,*** 3 səs,5,Restoranlar,http://www.fairmont.com
Altun Restoranı,Bakı,4-cü mikrorayon,Hüseyn Seyidzadə küçəsi,35 AZ1000,(+99412) 511-22-19,No Rating,3,Azərbaycan mətbəxi,http://www.facebook.com/Altunrestoran/timeline
Altun Süfrə restoranı,Bakı,Nərimanov rayonu,Yusif Vəzir Çəmənzəminli küçəsi,23/53 AZ1052,(+99412) 555-16-37,*** 3 səs,5,Türk mətbəxi,No Site
Amber Restoran,Bakı,Yasamal rayonu,Cəfər Cabbarlı küçəsi,29 AZ1009,(+99412) 594-01-47,No Rating,4,Restoranlar,http://www.amberhotel.az
Amburan Beach Club,Bakı,Bilgəh qəsəbəsi,Sabunçu rayonu AZ1000,No Postal Address,(+99455) 300-50-00,No Rating,4,Restoranlar,http://www.amburan.com
Anadolu restoranı,Bakı,Səbail rayonu,Puşkin küçəsi,5 AZ1000,(+99412) 944,*** 3 səs,5,Türk mətbəxi,http://www.anadolu.az
Anatolia Restoranı,Bakı,Nizami rayonu,Qara Qarayev prospekti,74 AZ1096,(+99412) 422-47-48,*** 3 səs,5,Türk mətbəxi,No Site
Anazya restoranı,Bakı,Nərimanov rayonu,Əliəşrəf Əlizadə küçəsi,45 AZ1000,(+99451) 980-99-99,*** 5 səs,5,Kafelər,No Site
Antep Lahmacun Memar Əcəmi m.,Bakı,Nəsimi rayonu,Hüseynbala Əliyev küçəsi,4 AZ1000,(+99412) 530-33-42,No Rating,4,Türk mətbəxi,No Site
Antep Lahmacun Neftçilər m.,Bakı,Nizami rayonu,Rüstəm Rüstəmov küçəsi,27 AZ1000,(+99412) 421-74-71,No Rating,4,Türk mətbəxi,No Site
Antep Lahmacun Nizami filialı,Bakı,Nizami rayonu,Qara Qarayev prospekti,65 AZ1000,(+99412) 511-12-62,No Rating,4,Türk mətbəxi,No Site
Arabica Lounge,Bakı,Səbail rayonu,Tərlan Əliyarbəyov küçəsi,9 AZ1000,(+99412) 493-53-08,No Rating,,Restoranlar,http://www.facebook.com/ArabicaLounge.az
Aran Restoran,Bakı,Səbail rayonu,Gülbala Əliyev küçəsi,5 AZ1000,(+99412) 491-48-77,*** 2 səs,5,Restoranlar,No Site
Araz Kafe,Bakı,Səbail rayonu,İslam Səfərli küçəsi,1 AZ1000,(+99412) 492-48-46,No Rating,4,Azərbaycan mətbəxi,http://www.facebook.com/pages/Araz/227466730600850
ARIA Restaurant & Lounge,Bakı,Yasamal rayonu,Mikayıl Müşfiq küçəsi,15 AZ1000,(+99412) 538-40-20,No Rating,4,Restoranlar,http://www.facebook.com/ariabaku?ref=br_rs
Aristocrat Restoran,Bakı,Nəsimi rayonu,Səməd Vurğun küçəsi,23 AZ1000,(+99412) 598-00-55,*** 1 səs,5,Restoranlar,http://www.facebook.com/Aristocratbaku
Aristokrat Restoran və Mehmanxana,Bakı,Binəqədi rayonu,2096 məhəllə,9 AZ1000,(+99412) 566-49-74,No Rating,4,Restoranlar,No Site
Arma Restoranı,Bakı,Ələsgər Ələkbərov küçəsi,Yasamal rayonu,535 AZ1000,(+99412) 510-31-01,No Rating,4,Restoranlar,No Site
Armani Caffe,Bakı,Səbail rayonu,Neftçilər prospekti,151 AZ1000,(+99412) 404-13-34,*** 2 səs,5,Kafelər,http://www.armaniristorante.com
Art Garden,Bakı,Səbail rayonu,Asəf Zeynallı küçəsi,22 AZ1000,(+99412) 492-13-31,*** 3 səs,5,Azərbaycan mətbəxi,http://www.artgroup.az
Art Restoran,Bakı,Səbail rayonu,Хaqani küçəsi,19 AZ1000,(+99412) 598-22-21,*** 3 səs,5,Restoranlar,No Site
Art's Cool Gallery & Tavern,Bakı,Səbail rayonu,Asəf Zeynallı küçəsi,63 AZ1000,(+99470) 229-45-45,*** 3 səs,5,Kafelər,http://www.facebook.com/pages/Arts-Cool-Gallery-Tavern/1468435030076588?sk=timeline
As Lounge,Bakı,Nəsimi rayonu,Hüseynbala Əliyev küçəsi,48C AZ1000,(+99412) 569-08-42,*** 2 səs,5,Restoranlar,http://www.facebook.com/As.lounge.club/timeline?ref=page_internal
Asia Turk restoranı,Bakı,Nəsimi rayonu,Rəşid Behbudov küçəsi,17 AZ1000,(+99412) 498-91-32,*** 2 səs,5,Türk mətbəxi,No Site
Asiman Restoranı,Bakı,Xətai rayonu,Həzi Aslanov küçəsi,1 AZ1000,(+99450) 226-05-00,No Rating,3,Restoranlar,http://www.facebook.com/pages/Asiman-Restaurant/1511069512445289?ref=br_rs
Assorti Restoranı,Bakı,9-cu mikrorayon,Binəqədi rayonu,Mir Cəlal küçəsi,(+99412) 568-42-03,No Rating,4,Şadlıq evləri,No Site
Astoria Restoran,Bakı,Xətai rayonu,Babək prospekti,76 AZ1030,(+99412) 370-93-00,*** 2 səs,5,Restoranlar,http://www.arestoran.serin.az
Asya Türk Restoranı,Bakı,Nəsimi rayonu,Rəşid Behbudov küçəsi,17,(+99412) 498-91-32,*** 2 səs,5,Türk mətbəxi,http://www.facebook.com/AsyaTurkRestorantBaku?fref=nf
Atelye 61 restoranı,Bakı,Qurban Abbasov küçəsi,Səbail rayonu AZ1000,No Postal Address,(+99412) 404-82-16,*** 2 səs,5,Kafelər,http://www.facebook.com/pages/ATELYE-61/505103486273920
Atlantis restoranı,Bakı,Yasamal rayonu,Həsənbəy Zərdabi küçəsi,20 AZ1012,(+99412) 565-71-31,No Rating,3,Restoranlar,No Site
Atəşgah Restoranı,Bakı,Suraxanı rayonu,Atamoğlan Rzayev küçəsi,1 AZ1000,(+99450) 210-24-75,No Rating,4,Azərbaycan mətbəxi,http://www.ateshgah-restaurant.az
Au79 Cafe & Restaurant,Bakı,Xətai rayonu,Xocalı prospekti,65 AZ1000,(+99412) 464-41-98,*** 1 səs,5,Kafelər,http://www.facebook.com/Au79CR
Avaz Dining & Lounge,Bakı,Yasamal rayonu,Moskva prospekti,1058/32 AZ1033,(+99450) 252-99-79,No Rating,4,Restoranlar,http://www.avaz.az
Avini restoranı,Bakı,Əhmədli qəsəbəsi,Xətai rayonu,General Şıxlinksi küçəsi,(+99412) 373-66-60,No Rating,4,Türk mətbəxi,http://www.facebook.com/pages/AViNi-fastfood/330321160376827?sk=timeline
Axali Tbilisi restoranı,Bakı,Nəsimi rayonu,Allahyar Nəsibov küçəsi,7 AZ1065,(+99412) 596-52-04,No Rating,4,Gürcü mətbəxi,No Site
Azcatering,Bakı,Nəsimi rayonu,Ceyhun Səlimov küçəsi,7 AZ1000,(+99455) 909-24-23,*** 1 səs,5,Restoranlar,http://www.facebook.com/BAKU-MALL-Restaurant-1094244687324693
Azeri House restoranı,Bakı,Xətai rayonu,Xocalı prospekti,15 AZ1025,(+99412) 496-72-86,No Rating,4,Azərbaycan mətbəxi,http://www.azerihouse.com
Baccanale Kafe,Bakı,Səbail rayonu,Neftçilər prospekti,151 AZ1010,(+99450) 464-08-43,*** 3 səs,5,Kafelər,http://www.facebook.com/baccanale.az/timeline
Badamdar Restaurant,Bakı,Səbail rayonu,Mikayıl Müşfiq küçəsi,1C AZ1021,(+99412) 538-90-90,*** 2 səs,5,Restoranlar,http://www.kempinski.com
Bagua Ailəvi Məkan Restoranı,Bakı,Qaraçuxur qəsəbəsi,Suraxanı rayonu,Yaşar Əliyev küçəsi,(+99451) 338-84-48,No Rating,4,Azərbaycan mətbəxi,http://www.bagua-ailevi.com
Bakı Restoranı,Bakı,28 May küçəsi,Nəsimi rayonu,40 AZ1000,(+99412) 498-85-45,*** 2 səs,5,Restoranlar,No Site
Barkers Baku,Bakı,Yasamal rayonu,Tbilisi prospekti,27 AZ1000,(+99412 ) 464-92-00,No Rating,4,Restoranlar,http://www.facebook.com/barkersbaku
Basdırma Grill & Bar,Bakı,Səbail rayonu,Mehdi Hüseyn küçəsi,88 AZ1000,(+99412) 437-38-43,No Rating,4,Azərbaycan mətbəxi,http://www.facebook.com/basdirma
Başkent Restoranı,Bakı,Nəsimi rayonu,Cavadxan küçəsi,3005 AZ1102,(+99412) 530-20-20,*** 2 səs,5,Azərbaycan mətbəxi,http://www.bashkent.az
Bazaar Delights Cafe,Bakı,Səbail rayonu,Yusif Məmmədəliyev küçəsi,10 AZ1010,(+99451) 961-11-74,*** 3 səs,5,Kafelər,http://www.facebook.com/bazaarbakucafe/timeline
Bella Napoli Ristorante Napoletano,Bakı,Səbail rayonu,Qoqol küçəsi,4B AZ1000,(+99412) 498-09-07,*** 3 səs,5,Pizza,http://www.facebook.com/NapoliRestorante
Beluga çimərlik restoranı,Bakı,Buzovna qəsəbəsi,Xəzər rayonu AZ1090,No Postal Address,(+99412) 511-99-90,*** 1 səs,5,Restoranlar,http://www.facebook.com/pages/Beluga-Beach-Restaurant/493751794028989?fref=ts
Beluga Restoranı,Bakı,Nərimanov rayonu,Yusif Səfərov küçəsi,23A AZ1025,(+99412) 496-49-99,No Rating,4,Asiya mətbəxi,http://www.crystal.az/beluga
Belvedere Restoranı,Bakı,Nərimanov rayonu,Heydər Əliyev prospekti,2 AZ1000,(+99412) 496-80-00,*** 1 səs,5,Kafelər,http://www.excelsiorhotelbaku.az
Bereket Lahmacun,Bakı,Binəqədi rayonu,Heydər Hüseynov küçəsi AZ1000,No Postal Address,(+99412) 561-76-14,*** 2 səs,5,Restoranlar,No Site
Beryozka restoran,Bakı,Yasamal rayonu,İzmir prospekti,5 AZ1065,(+99412) 537-22-06,*** 2 səs,5,Restoranlar,http://www.restoranberezka.az
Beyrut restoranı,Bakı,Səbail rayonu,Yusif Məmmədəliyev küçəsi,23A AZ1000,(+99412) 493-34-33,*** 2 səs,5,Şərq mətbəxi,No Site
Beyzade Restoran,Bakı,Ağa Nemətulla küçəsi,Nərimanov rayonu,51/1 AZ1000,(+99412) 465-56-94,*** 1 səs,5,Kafelər,http://www.facebook.com/Beyzade.baku
Bibi Restoranı,Bakı,Xətai rayonu,Xocalı prospekti,49 AZ1000,(+99412) 489-53-53,*** 2 səs,5,Kafelər,http://www.facebook.com/BiBiRestaurant
Bio Restaurant Granada,Bakı,Yasamal rayonu,Salatın Əsgərova küçəsi,79 AZ1000,(+99412) 596-07-06,No Rating,4,Restoranlar,http://www.biorestoran.az
Biz Plus Club,Bakı,Nəsimi rayonu,Alı Mustafayev küçəsi,1K AZ1000,(+99455) 660-55-55,No Rating,4,Yeməyin çatdırılması,http://www.facebook.com/bizplus/timeline?ref=page_internal
Bizim Şəhər Restoranı,Bakı,Səbail rayonu,Mehdi Hüseyn küçəsi,59 AZ1000,(+99412) 492-63-80,No Rating,4,Azərbaycan mətbəxi,No Site
Boğaziçi  Restoranı,Bakı,Səbail rayonu,Üzeyir Hacıbəyov küçəsi,44/48 AZ1000,(+99412) 598-33-98,*** 1 səs,5,Türk mətbəxi,No Site
Broadway,Bakı,Səbail rayonu,Bünyat Sərdarov küçəsi,18 AZ1000,(+99450) 614-16-66,*** 1 səs,5,Kinoteatrlar,http://www.facebook.com/Broadway.Az/timeline?ref=page_internal
Brooklyn cafe & Lounge,Bakı,Bayıl qəsəbəsi,Qurban Abbasov küçəsi,Səbail rayonu,(+99455) 740-20-88,*** 1 səs,5,Kafelər,http://www.facebook.com/BrooklynCafeBaku
Bulud Restaurant & Lounge,Bakı,Nərimanov rayonu,Heydər Əliyev prospekti,1 AZ1000,(+99412) 566-07-47,*** 2 səs,5,Restoranlar,http://www.facebook.com/BuludLounge
Burc Qala Restaurant,Bakı,Səbail rayonu,Kiçik Qala küçəsi,15 AZ1000,(+99412) 497-00-90,*** 2 səs,5,Azərbaycan mətbəxi,http://www.facebook.com/burcrestoran
Buta Art Club,Bakı,Nəsimi rayonu,Dilarə Əliyeva küçəsi,216 AZ1000,(+99412) 598-03-12,No Rating,,Restoranlar,http://www.facebook.com/Club.BUTA/timeline
Buta Palace,Bakı,Suraxanı rayonu,Heydər Əliyev prospekti,Aeoroport yolu,(+99412) 598-17-67,*** 2 səs,5,Restoranlar,http://www.butapalace.az
Butter&Brot,Bakı,Səbail rayonu,İstiqlaliyyət küçəsi AZ1000,No Postal Address,(+99451) 303-55-92,*** 5 səs,5,Fast-fud,http://www.facebook.com/pages/ButterBrot/854558441287232
Cafe Brulee,Bakı,Səbail rayonu,Üzeyir Hacıbəyov küçəsi,38/3 AZ1000,(+99412) 598-88-66,No Rating,4,Kafelər,No Site
Cafe Park,Bakı,Yasamal rayonu,Şərifzadə küçəsi,712 AZ1012,(+99455) 266-09-07,No Rating,4,Kafelər,http://www.cafepark.az
Cafe Park Yasamal parkı,Bakı,Yasamal rayonu,Mətbuat prospekti AZ1000,No Postal Address,(+99455) 266-09-07,No Rating,4,Kafelər,http://www.cafepark.az
Cafe Plaza,Bakı,Səbail rayonu,Nizami küçəsi,69 AZ1005,(+99450) 335-91-11,No Rating,4,Kafelər,http://www.facebook.com/cafeplazabaku/timeline
Çanaq Qala restoranı,Bakı,Nərimanov rayonu,Təbriz küçəsi,35 AZ1000,(+99412) 496-25-85,No Rating,4,Azərbaycan mətbəxi,http://www.chanaqqala.az
CarClub,Bakı,Nərimanov rayonu,Atatürk prospekti,213-219 AZ1000,(+99412) 562-92-62,*** 1 səs,5,Restoranlar,http://www.facebook.com/pages/Car-Club/1518405335076304
Caspi Marine restoranı,Bakı,Mərdəkan qəsəbəsi,Xəzər rayonu,Hacı Zeynalabdin Tağıyev küçəsi,(+99412) 554-00-64,*** 3 səs,5,Restoranlar,http://www.facebook.com/CaspiMA
Caspian Grill & Terrace,Bakı,Nəsimi rayonu,Nizami küçəsi,90A AZ1010,(+99412) 465-20-00,*** 2 səs,5,Restoranlar,http://www.thelandmarkhotel.az
Casual Brasserie,Bakı,Səbail rayonu,Nizami küçəsi,46 AZ1000,(+99412) 498-81-20,*** 2 səs,5,Kafelər,http://www.casualbrasserie.com
Caviar restoranı,Bakı,Yasamal rayonu,Tbilisi prospekti,20 AZ1000,(+99412) 490-70-90,*** 2 səs,5,Azərbaycan mətbəxi,http://www.grand-europe.com
Cerves Restaurant & Lounge,Bakı,Yasamal rayonu,Şeyx Məhəmməd Xiyabani küçəsi,8D AZ1017,(+99412) 434-28-19,*** 1 səs,5,Restoranlar,http://www.facebook.com/CERVESLounge
Cesa Çiğ köfte,Bakı,Nərimanov rayonu,Fətəli xan Xoyski küçəsi,128 AZ1000,(+99412) 564-66-56,*** 2 səs,5,Türk mətbəxi,http://www.facebook.com/CesaCigKofteBaku/timeline
Chateau Le R restoranı,Bakı,Səbail rayonu,Lermontov küçəsi,123/6 AZ1000,(+99412) 437-21-80,*** 1 səs,5,Restoranlar,No Site
Chili's Restoranı,Bakı,Nərimanov rayonu,Natiq Şahbazov küçəsi,36 AZ1000,(+99412) 440-81-55,No Rating,2,Restoranlar,No Site
Chinar Bar Lounge & Dining,Bakı,Səbail rayonu,Şövkət Ələkbərova küçəsi,1 AZ1095,(+99412) 404-82-11,*** 3 səs,5,Asiya mətbəxi,http://www.chinar-dining.com
Churrasco Steak House,Bakı,Səbail rayonu,Üzeyir Hacıbəyov küçəsi,14 AZ1000,(+99412) 598-54-09,No Rating,4,Restoranlar,http://www.steakhouse.az
Cıdır Düzü restoranı,Bakı,7-ci mikrorayon,Əhməd Rəcəbli küçəsi,141 AZ1000,(+99412) 561-78-70,*** 3 səs,5,Şadlıq evləri,No Site
Cıdır Restoranı,Bakı,Nərimanov rayonu,Nəcəf Nərimanov küçəsi,909 AZ1000,(+99412) 563-33-33,*** 3 səs,5,Azərbaycan mətbəxi,http://www.cidir.net
Cilantro,Bakı,Azadlıq prospekti,Səbail rayonu,18 AZ1000,(+994 12) 464-50-00,*** 3 səs,5,Şərq mətbəxi,http://www3.hilton.com
City Club Restoran,Bakı,Nəsimi rayonu,Akademik Mir-Qasımov küçəsi,28 AZ1000,(+99412) 441-63-93,*** 1 səs,5,Restoranlar,No Site
City View Restoran,Bakı,Səbail rayonu,Asəf Zeynallı küçəsi,39 AZ1000,(+99412) 497-08-09,No Rating,1,Restoranlar,http://www.facebook.com/pages/City-View/1405457689734314
Confetti Lounge,Bakı,Nərimanov rayonu,Əhməd Rəcəbli küçəsi,7 AZ1000,(+99455) 210-56-07,No Rating,4,Asiya mətbəxi,http://www.facebook.com/Confettilounge/timeline
Cook Zone,Bakı,Səbail rayonu,Xaqani küçəsi,27A AZ1000,(+99412) 491-98-98,*** 3 səs,5,Restoranlar,http://www.cookzone.az
Cosy Cafe & Lounge,Bakı,Yasamal rayonu,Nəriman Nərimanov prospekti,207 AZ1065,(+99450)  221-12-34,No Rating,4,Kafelər,http://www.facebook.com/pages/Cosy-Cafe-Lounge/1374824002818706?fref=ts
Cotta Cafe,Bakı,Nərimanov rayonu,Xan Şuşinski küçəsi,30A AZ1000,(+99412) 440-10-33,*** 3 səs,5,Kafelər,http://www.facebook.com/Cotta.Cafe
Crystal Plaza Restoran,Bakı,Xətai rayonu,Yusif Səfərov küçəsi,23 A AZ1000,(+99412) 496-49-99,*** 2 səs,5,Restoranlar,http://www.crystal.az
Da Massimo restoranı,Bakı,Səbail rayonu,Nizami küçəsi,67A AZ1000,(+99412) 596-03-04,No Rating,4,Pizza,http:///www.facebook.com/pages/Ristorante-italiano-da-Massimo/611780328906988
Dafne by Dalida restoranı,Bakı,Səbail rayonu,Səməd Vurğun küçəsi,18A AZ1000,(+99412) 493-57-54,No Rating,4,Azərbaycan mətbəxi,http://www.dalida.az
Dalida De Luxe restoranı,Bakı,Səbail rayonu,Nizami küçəsi,340 AZ1000,(+99412) 496-88-61,No Rating,4,Restoranlar,http://www.dalida.az
Dalida restoranı,Bakı,Səbail rayonu,Nizami küçəsi,34 AZ1000,(+99412) 496-88-04,*** 1 səs,5,Restoranlar,http://www.dalida.az
Dalloyau Baku,Bakı,Səbail rayonu,Neftçilər prospekti,111 AZ1000,(+99412) 493-40-10,*** 4 səs,5,Kafelər,http://www.dalloyau.com
Damla Restoranı,Bakı,Səbail rayonu,Şiхov qəsəbəsi,Salyan şossesi,(+99412) 565-19-65,*** 1 səs,5,Restoranlar,No Site
Daş Dövrü Restoranı,Bakı,Yasamal rayonu,Mətbuat prospekti,Şəhriyar küçəsi,(+99412) 510-56-05,No Rating,4,Restoranlar,No Site
De Luxe Fast Food,Bakı,Səbail rayonu,Üzeyir Hacıbəyov küçəsi,95 AZ1000,(+99412) 598-02-32,*** 1 səs,5,Fast-fud,No Site
Del Grano,Bakı,Səbail rayonu,Neftçilər prospekti AZ1001,No Postal Address,(+99412) 598-73-30,*** 2 səs,5,Pizza,No Site
Delicia restoranı,Bakı,Nəsimi rayonu,Səməd Vurğun küçəsi,77 AZ1000,(+99450) 300-46-46,*** 3 səs,5,Restoranlar,http://www.delicia.az
Diamond Restoranı,Bakı,Nərimanov rayonu,Təbriz küçəsi,116 AZ1000,(+99412) 566-21-69,*** 1 səs,5,Kafelər,http://www.facebook.com/diamond.restaurant.lounge
Diet Cafe,Bakı,Nəsimi rayonu,Eldar Tağızadə küçəsi,30 AZ1000,(+99450) 589-00-50,*** 3 səs,5,Kafelər,No Site
Dilək Qapısı Restoranı,Bakı,Yasamal rayonu,Haqverdiyev küçəsi,26 AZ1000,(+99450) 201-20-17,*** 4 səs,5,Restoranlar,No Site
Domik Restoranı,Bakı,Nəsimi rayonu,Bəşir Səfəroğlu küçəsi,184 AZ1014,(+99412) 598-20-92,No Rating,4,Kafelər,http://www.facebook.com/pages/Ресторан-Домик-Баку/176614802433321?sk=timeline&ref=page_internal
Dominos Pizza,Bakı,Yasamal rayonu,Mikayıl Müşfiq küçəsi,9A AZ1006,*6600,No Rating,4,Fast-fud,http://www.dominospizza.az
Dominos Pizza Azadlıq pr-t,Bakı,Azadlıq prospekti,Səbail rayonu,3 AZ1000,*6611,*** 2 səs,5,Fast-fud,http://www.dominospizza.az
Dostluq Beach Restoranı,Bakı,Xəzər rayonu,Şiхov qəsəbəsi,Sahil AZ1000,(+99451) 853-19-31,*** 2 səs,5,Azərbaycan mətbəxi,http://www.facebook.com/DostlugBeach
DUBLYOR PRODAKŞN,Bakı,No District,No Street,No Postal Address,+994506490909,No Rating,,,http://https://www.facebook.com/CANAPEBAKU/
Dubrovka restoranı,Bakı,Nizami rayonu,Qara Qarayev prospekti,59 AZ1000,(+99412) 375-03-01,No Rating,4,Restoranlar,No Site
Duz Restoranı,Bakı,Nərimanov rayonu,Əliəşrəf Əlizadə küçəsi,45 AZ1000,(+99412) 409-30-03,No Rating,4,Restoranlar,http://www.duz.lu
Dəniz Inciləri Restoranı,Bakı,Nərimanov rayonu,Akademik Həsən Əliyev küçəsi,74 AZ1000,(+99412) 440-25-24,No Rating,4,Restoranlar,http://www.facebook.com/pages/D%C9%99niz-Incil%C9%99ri-Restorant/418472578301612
Dəniz Restoranı,Bakı,Nizami rayonu,Elşən Süleymanov küçəsi,126 AZ1000,(+99412) 511-89-80,No Rating,4,Türk mətbəxi,No Site
Dənizçi Restoranı,Bakı,Xətai rayonu,Məhəmməd Hadi küçəsi,4 AZ1000,(+99412) 579-34-36,No Rating,3,Restoranlar,No Site
Dərya Fish House,Bakı,Səbail rayonu,Namiq Quliyev küçəsi,57 АZ1000,(+99450) 753-47-47,*** 3 səs,5,Restoranlar,http://www.deryafishhouse.az
El Portalon restoranı,Bakı,Bayıl qəsəbəsi,Səbail rayonu,Neftçilər prospekti AZ1000,(+99412) 404-82-17,*** 4 səs,5,Restoranlar,http://www.elportalon.az
Elba Balıq Restoranı,Bakı,Nərimanov rayonu,Həsənoğlu küçəsi,6 AZ1033,(+99412) 566-74-84,*** 6 səs,5,Restoranlar,http://www.facebook.com/pages/ELBA-SEA-FOOD/862422397143183
Elbara,Bakı,Yasamal rayonu,Zahid Xəlilov küçəsi,568 AZ1000,(+99412) 510-37-87,*** 2 səs,5,Restoranlar,http://www.facebook.com/elbaraaz?fref=ts
Elektra Events Hall,Bakı,Bayıl qəsəbəsi,Səbail rayonu AZ1000,No Postal Address,(+99450) 700-70-97,No Rating,4,Restoranlar,http://www.saffron.az/en/restaurants/elektra
Element Logune Baku,Bakı,Nəsimi rayonu AZ1000,No Street,No Postal Address,+994 50 484 60 60,No Rating,,Azərbaycan mətbəxi,http://element.az
Elephant,Bakı,Səbail rayonu,Natəvan döngəsi,1 AZ1000,(+99412) 498-87-52,*** 3 səs,5,Kafelər,http://www.facebook.com/pages/Elephant/209902289044230
Eleven Restaurant & Lounge,Bakı,Azadlıq prospekti,Səbail rayonu,1 AZ1000,(+99412) 490-60-00,No Rating,4,Asiya mətbəxi,http://www.eleven.az
Elif Restoran Sahil m.,Bakı,Səbail rayonu,Üzeyir Hacıbəyov küçəsi,70 AZ1000,(+99412) 598-11-05,No Rating,4,Yeməyin çatdırılması,http://www.elifcatering.az
Elit Ailəvi Türk Restoran,Bakı,Nizami rayonu,Qara Qarayev prospekti,107 AZ1000,(+99412) 570-30-66,*** 3 səs,5,Türk mətbəxi,No Site
Elvet Steak House,Bakı,Nərimanov rayonu,Həsənoğlu küçəsi,6 AZ1033,(+99412) 567-97-97,No Rating,3,Restoranlar,http://www.elvetsteakhouse.com/index
Enerji Club Baku,Bakı,Bayıl qəsəbəsi,Səbail rayonu AZ1000,No Postal Address,(+99450) 700-70-57,No Rating,3,Restoranlar,http://www.facebook.com/enerjiclubbaku/timeline
Evde Bar & Grill,Bakı,Nəsimi rayonu,Səməd Vurğun küçəsi,25 AZ1095,(+99412) 404-82-10,*** 2 səs,5,Restoranlar,http://www.fb.com/evdebaku
Evdə Restoranı,Bakı,Nəsimi rayonu,Səməd Vurğun küçəsi,25 AZ1095,(+99412) 310-02-20,*** 2 səs,5,Gürcü mətbəxi,http://www.facebook.com/evdegeo/timeline
Everest restoranı,Bakı,Yasamal rayonu,Nəriman Nərimanov prospekti,207 AZ1000,(+99412) 537-10-93,*** 1 səs,5,Azərbaycan mətbəxi,No Site
Fame Lounge,Bakı,Səbail rayonu,Üzeyir Hacıbəyov küçəsi,38/3 AZ1000,(+99412) 598-88-66,No Rating,4,Restoranlar,No Site
Favorit Restoranı,Bakı,20 Yanvar küçəsi,Nəsimi rayonu,39 AZ1102,(+99412) 431-95-25,No Rating,4,Restoranlar,No Site
Fayton restoranı,Bakı,Səbail rayonu,Rəşid Behbudov küçəsi,17 AZ1000,(+99412) 498-81-01,*** 2 səs,5,Azərbaycan mətbəxi,http://www.fayton.az
Filarmoniya restoranı,Bakı,Səbail rayonu,İstiqlaliyyət küçəsi,2 AZ1000,(+99412) 437-10-34,*** 1 səs,5,Restoranlar,No Site
Fillet House,Bakı,Səbail rayonu,Neftçilər prospekti,145 AZ1000,(+99412) 598-05-73,No Rating,3,Yeməyin çatdırılması,http://www.facebook.com/pages/Fillet-House-Restaurant-Club/113112775436210
Finestra restoranı,Bakı,Yasamal rayonu,Naxçıvani Məhəmməd İbn Hinduşah küçəsi,14 AZ1000,(+99412) 436-78-54,No Rating,4,Pizza,http://www.facebook.com/FinestraBaku
Fireworks restoranı,Bakı,Azadlıq prospekti,Səbail rayonu,674 AZ1000,(+99412) 499-88-88,No Rating,4,Restoranlar,http://www.marriott.com/hotels/travel/gydjw-jw-marriott-hotel-absheron-baku
Firuzə Restoranı,Bakı,Səbail rayonu,Tərlan Əliyarbəyov küçəsi,14 AZ1000,(+99412) 493-96-34,*** 3 səs,5,Azərbaycan mətbəxi,http://www.facebook.com/pages/Firuze-Restorani/165013020258761?fref=ts
Flagman restoranı,Bakı,Səbail rayonu,Neftçilər prospekti,56 AZ1000,(+99412) 598-29-03,*** 2 səs,5,Restoranlar,No Site
Flagman restoranı Novxanı,Bakı,Abşeron rayonu,Novхanı qəsəbəsi,4 AZ1000,(+99450) 327-30-03,*** 3 səs,5,Restoranlar,No Site
Flame Lounge,Bakı,Badamdar qəsəbəsi,Səbail rayonu,2-ci yaşayış massivi,(+99412) 502-65-66,*** 4 səs,5,Azərbaycan mətbəxi,http://www.facebook.com/365.com.az
Gala Bazaar Restoranı,Bakı,Mərdəkan qəsəbəsi,Xəzər rayonu,Qala yolu,(+99412) 559-29-92,*** 2 səs,5,Restoranlar,http://www.galabazaar.az
Gebele Grand Ballroom,Bakı,Badamdar qəsəbəsi,Səbail rayonu,Mikayıl Müşfiq küçəsi,(+99412) 538-90-90,No Rating,4,Restoranlar,http://www.kempinski.com/en/baku
Georgian House,Bakı,Xətai rayonu,Nobel prospekti,15 AZ1025,(+99450) 588-33-98,*** 6 səs,5,Gürcü mətbəxi,http://www.georgianhouse.az
Glory restoranı,Bakı,Azadlıq prospekti,Səbail rayonu,1 AZ1000,(+99412) 490-60-00 Вн. 3701,No Rating,4,Restoranlar,http://www.parkinn.com/hotelbaku
Golden City restoranı,Bakı,Binəqədi rayonu,Həmzə Babaşov küçəsi,11 AZ1000,(+99412) 513-94-18,*** 2 səs,5,Azərbaycan mətbəxi,http://www.facebook.com/pages/Golden-city/619548481413110?ref=hl
Gorgud Panoramic Restaurant,Bakı,Nərimanov rayonu,Xətai prospekti,39 AZ1008,(+99412) 496-96-01,*** 1 səs,5,Restoranlar,http://www.facebook.com/gorgud.panoramic.restaurant
Gözəl Məkan Restoranı,Bakı,Nəsimi rayonu,Mirəli Qaşqay küçəsi,42 AZ10007,(+99412) 441-06-85,No Rating,4,Azərbaycan mətbəxi,No Site
Grace Terrace,Bakı,Bayıl qəsəbəsi,Qurban Abbasov küçəsi,Səbail rayonu,(+99450) 291-10-70,No Rating,4,Restoranlar,http://www.facebook.com/Grace-Terrace-1742460382662322/home
Grand Father restoranı,Bakı,Yasamal rayonu,Zivərbəy Əhmədbəyov küçəsi,2 AZ1000,(+99412) 596-87-73,*** 3 səs,5,Şərq mətbəxi,No Site
Green's Cafe,Bakı,Səbail rayonu,Hacı Zeynalabdin Tağıyev küçəsi,13 AZ1000,(+99412) 493-87-25,No Rating,4,Şərq mətbəxi,http://www.facebook.com/1GREENS1
Green's Restoranı,Bakı,Nəsimi rayonu,Hacı Zeynalabdin Tağıyev küçəsi,17 AZ1000,(+99412) 493-87-25,*** 3 səs,5,Şərq mətbəxi,http://www.facebook.com/1GREENS1?fref=ts
Günaydın Restoranı,Bakı,Yasamal rayonu,Şıxəli Qurbanov küçəsi,1 AZ1000,(+99412) 595-33-44,No Rating,4,Türk mətbəxi,http://www.facebook.com/pages/Günaydın-Restourant/310614312361938?fref=ts
Gəncə restoranı,Bakı,Xətai rayonu,Nobel prospekti,15 AZ1025,(+99412) 488-67-77,No Rating,4,Azərbaycan mətbəxi,No Site
Halal Süfrə Restoran,Bakı,Bakıxanov qəsəbəsi,Sabunçu rayonu,Nizami İsmayılov küçəsi,(+994) 425-24-62,*** 9 səs,5,Yeməyin çatdırılması,No Site
Half Way Inn Baku,Bakı,28 May küçəsi,Nəsimi rayonu,6 AZ1000,(+99412) 598-09-05,*** 1 səs,5,Kafelər,No Site
Halikarnas Balıkçısı,Bakı,Hövsan qəsəbəsi AZ1000,No Street,No Postal Address,(+99412) 479-96-88,No Rating,4,Türk mətbəxi,http://www.halikarnasbalikcisi.az
Harbour restoranı,Bakı,Səbail rayonu,Neftçilər prospekti,153 AZ1010,(+99412) 404-82-05,*** 5 səs,5,Şərq mətbəxi,http://www.portbaku-dining.az
Hard Rock Cafe Baku,Bakı,Səbail rayonu,Əziz Əliyev küçəsi,8 AZ1000,(+99412) 404-82-28,*** 1 səs,5,Kafelər,http://www.facebook.com/HRCafeBaku
Hasan Usta,Bakı,Yasamal rayonu,Həsənbəy Zərdabi küçəsi,20 AZ1000,(+99412) 565-71-35,*** 1 səs,5,Fast-fud,No Site
Hayat Club,Bakı,Xətai rayonu,Rövşən Əliyev küçəsi,10 AZ1000,(+99412) 490-68-54,No Rating,4,Kafelər,http://www.facebook.com/hayatclub.az
Hezin Lounge Restaurant,Bakı,Nəsimi rayonu,Rəşid Behbudov küçəsi,1/138 AZ1000,(+99412) 441-06-13,*** 1 səs,5,Restoranlar,http://www.hezinlounge.com
Hollywood,Bakı,8-ci mikrorayon,Azadlıq prospekti,Süleyman Sani Axundov küçəsi AZ1000,(+99412) 562-91-81,*** 3 səs,5,Əyləncə mərkəzləri,http://www.holly.az
Hong Kong Restoranı,Bakı,Yasamal rayonu,Bəsti Bağırova küçəsi,2 AZ1000,(+99412) 436-97-50,*** 3 səs,5,Asiya mətbəxi,http://www.maestrogroup.az/hongkong/30.html
Hookah House,Bakı,Nərimanov rayonu,Həsənoğlu küçəsi,15A AZ1000,(+99412) 564-25-55,No Rating,4,Kafelər,http://www.facebook.com/hookahhousebaku/timeline?ref=page_internal
Hoqqa restoranı,Bakı,Nəsimi rayonu,Səməd Vurğun küçəsi,120B AZ1000,(+99412) 541-61-06,No Rating,4,Türk mətbəxi,No Site
House of Sultan Restoranı,Bakı,Səbail rayonu,Böyük Qala küçəsi,20 AZ1000,(+99412) 437-23-05,*** 1 səs,5,Restoranlar,http://www.sultaninn.com
IL Patio Fəvvarələr m.,Bakı,Səbail rayonu,Tərlan Əliyarbəyov küçəsi,14 AZ1000,(+99412) 493-49-03,No Rating,4,Pizza,http://www.facebook.com/pages/IL-PATIOBaku/119919734758022
IL Patio restoranı,Bakı,Səbail rayonu,Neftçilər prospekti AZ1000,No Postal Address,(+99412) 598-73-98,No Rating,4,Pizza,http://www.facebook.com/pages/IL-PATIOBaku/119919734758022
Imereti restoranı,Bakı,Səbail rayonu,Rəsul Rza küçəsi,31 AZ1000,(+99412) 595-45-10,*** 4 səs,5,Gürcü mətbəxi,http://www.facebook.com/ImeretiGeorgianRestaurant
Imereti restoranı Sahil m.,Bakı,Səbail rayonu,Хaqani küçəsi,13 AZ1000,(+99412) 493-41-81,No Rating,4,Gürcü mətbəxi,http://www.facebook.com/ImeretiRestaurant
Ipək yolu restoranı,Bakı,Binəqədi rayonu,Ziya Bünyatov prospekti,7A AZ1106,(+99412) 441-10-48,No Rating,4,Restoranlar,No Site
Istanbul Köftesi,Bakı,Xətai rayonu,Nobel prospekti AZ1000,No Postal Address,(+99451) 984 97 97,*** 2 səs,5,Türk mətbəxi,No Site
Istanbul Lahmacun,Bakı,Yasamal rayonu,Mirəli Seyidov küçəsi,2934 AZ1000,(+99412) 433-23-83,*** 4 səs,5,Türk mətbəxi,No Site
Istanbul Meyhane,Bakı,Nərimanov rayonu,Ceyhun Hacıbəyli küçəsi,761 AZ1007,(+99450) 263-66-66,No Rating,4,Türk mətbəxi,No Site
Istanbul restoranı,Bakı,Binəqədi rayonu,Səttar Bəhlulzadə küçəsi,19 AZ1000,(+99412) 569-89-05,No Rating,3,Türk mətbəxi,No Site
İstiot 28 Mall,Bakı,Nəsimi rayonu,Füzuli küçəsi AZ1000,No Postal Address,(+99450) 210-50-81,*** 1 səs,5,Azərbaycan mətbəxi,http://www.facebook.com/mall28istiot
Istirahət restoranı,Bakı,Xətai rayonu,Həsən Salmani küçəsi,7 АZ1000,(+99412) 490-13-14,*** 2 səs,5,Kafelər,http://www.facebook.com/pages/Otdix/148240421909118
Italian Bistro,Bakı,Səbail rayonu,Mehdi Hüseynzadə küçəsi,1 AZ1000,(+99412) 565-48-48,*** 2 səs,5,Pizza,http://www.fairmont.com
Iveria restoranı,Bakı,Yasamal rayonu,İnşaatçılar prospekti,11 AZ1065,(+99412) 555-23-25,No Rating,4,Gürcü mətbəxi,No Site
Jaguar Cognac Bar,Bakı,Nərimanov rayonu,Məmməd Araz küçəsi,76 AZ1069,(+99412) 564-77-00,No Rating,4,Restoranlar,http://www.ramadahotelsuitesbaku.az
Jasmine Restoran,Bakı,Nəsimi rayonu,Bakıxanov küçəsi,6 AZ1022,(+99412) 404-54-04,*** 4 səs,5,Asiya mətbəxi,http://www.bic.az
Juma Restaurant & Sushi Bar,Bakı,Binəqədi rayonu,Əhməd Rəcəbli küçəsi,30/68 AZ1108,(+99450) 422-25-22,*** 3 səs,5,Suşi,http://www.juma.az
Kabab Evi Dalğa Beach,Bakı,Mərdəkan qəsəbəsi,Xəzər rayonu,Sahil,(+99412) 565-55-35,No Rating,4,Azərbaycan mətbəxi,http://www.dalgabeach.az
Kaktus restoranı,Bakı,Yasamal rayonu,Şərifzadə küçəsi,33 AZ1138,(+99412) 433-29-29,No Rating,4,Restoranlar,No Site
Kalinka restoranı,Bakı,Nəsimi rayonu,Füzuli küçəsi AZ1000,No Postal Address,(+99412) 499-87-72,*** 1 səs,5,Restoranlar,http://www.facebook.com/KALINKA.BAKU
Kalinka restoranı Park Bulvar,Bakı,Səbail rayonu,Neftçilər prospekti AZ1000,No Postal Address,(+99412) 598-73-23,*** 2 səs,5,Restoranlar,http://www.facebook.com/KALINKA.BAKU
Karvansaray Restoran,Bakı,Səbail rayonu,Böyük Qala küçəsi,11 AZ1000,(+99412) 492-66-68,*** 2 səs,5,Restoranlar,No Site
Kaspia Restaurant & Bar,Bakı,Səbail rayonu,Neftçilər prospekti,77/79 AZ1000,(+99412) 404-24-24,No Rating,4,Restoranlar,No Site
Katamaran Restoranı,Bakı,Novхanı qəsəbəsi,Sumqayıt şossesi AZ1000,No Postal Address,(+99470) 287-70-63,No Rating,4,Restoranlar,http://www.katamaran.az
Kebab Express,Bakı,Səbail rayonu,Mərdanov qardaşları küçəsi,6 AZ1000,(+99412) 498-98-22,*** 2 səs,5,Türk mətbəxi,No Site
Kebab House,Bakı,Səbail rayonu,Abdulkərim Əlizadə küçəsi,7 AZ1000,(+99412) 498-93-53,*** 3 səs,5,Kafelər,http://www.facebook.com/pages/KEBAB-HOUSE/788355761219631
Keyf-i Dem Restaurant and Lounge,Bakı,Nərimanov rayonu,Akademik Həsən Əliyev küçəsi,119 AZ1000,(+99455) 555-41-48,*** 1 səs,5,Restoranlar,http://www.facebook.com/Keyf-i-Dem-568041206631970
Kitchenette Baku,Bakı,Səbail rayonu,Neftçilər prospekti AZ1001,No Postal Address,(+99412) 598-74-24,No Rating,4,Kafelər,No Site
Köhnə Dəyirman Restoranı,Bakı,Xətai rayonu,Məhəmməd Hadi küçəsi,66 AZ1000,(+99455) 581-23-23,*** 8 səs,5,Azərbaycan mətbəxi,No Site
Köhnə Şəhər restoranı,Bakı,Səbail rayonu,Vəli Məmmədov küçəsi,24 AZ1000,(+99412) 492-05-55,No Rating,4,Azərbaycan mətbəxi,http://www.facebook.com/OldCityRestaurant/timeline?filter=3
Kolorit Cafe&Dining,Bakı,Səbail rayonu,Nizami küçəsi,83 AZ1000,(+99412) 498-88-71,*** 2 səs,5,Kafelər,http://www.facebook.com/Koloritcafe
Konak Lahmacun,Bakı,4-cü mikrorayon,Hüseyn Seyidzadə küçəsi,32 AZ1000,(+99412) 480-42-20,*** 1 səs,5,Türk mətbəxi,No Site
Korchma restoran,Bakı,28 May küçəsi,Nəsimi rayonu,3 AZ1000,(+99412) 408-38-21,No Rating,4,Restoranlar,No Site
Köşebaşı restoranı,Bakı,Nərimanov rayonu,Həsənoğlu küçəsi,15A AZ1000,(+99412) 564-85-00,No Rating,4,Türk mətbəxi,http://www.kosebasi.com.tr
Kourosh Restoranı,Bakı,Yasamal rayonu,Bəsti Bağırova küçəsi,607/609 AZ1000,(+99412) 436-81-77,*** 2 səs,5,Azərbaycan mətbəxi,http://www.facebook.com/kouroshrestaurant?fref=ts
Küçük Fırın,Bakı,Xətai rayonu,Məhəmməd Hadi küçəsi,73 AZ1000,(+99412) 371-66-69,*** 2 səs,5,Türk mətbəxi,No Site
Kürə Pizza Azadlıq m.,Bakı,Binəqədi rayonu,Cəfər Xəndan küçəsi,52 AZ1000,(+99412) 511-07-52,*** 2 səs,5,Pizza,http://www.kurepizza.com
Kürə Pizza Elmlər Akademiyası m.,Bakı,Yasamal rayonu,Zahid Xəlilov küçəsi,79A AZ1000,(+99412) 555-22-22,*** 2 səs,5,Pizza,http://www.kurepizza.com
Kəmər Restaurant & Pub,Bakı,Xətai rayonu,Məhəmməd Hadi küçəsi,76 AZ1000,(+99412) 579-30-20,*** 2 səs,5,Restoranlar,No Site
La Marea Fish Restaurant,Bakı,Xətai rayonu,Nobel prospekti,15 AZ1025,(+99412) 488-65-55,*** 5 səs,5,Restoranlar,No Site
La Marrakesh restoranı,Bakı,Səbail rayonu,Cəfərov qardaşları küçəsi,9 AZ1000,(+99412) 492-68-72,*** 1 səs,5,Şərq mətbəxi,http://www.facebook.com/pages/La-Marakesh/191380714207437
La Strada restoranı,Bakı,Nəsimi rayonu,Dilarə Əliyeva küçəsi,206 AZ1000,(+99412) 498-22-12,*** 4 səs,5,Pizza,http://www.lastrada.az
La Terrasse restoran,Bakı,Xətai rayonu,Nobel prospekti,15 AZ1000,(+99412) 488-63-32,No Rating,,Restoranlar,http://www.facebook.com/laterrassebaku/timeline?ref=page_internal
La Vita Cafe,Bakı,Səbail rayonu,Neftçilər prospekti AZ1001,No Postal Address,(+99412) 598-74-54,*** 2 səs,5,Kafelər,http://www.facebook.com/pages/Lavita-Ristorante/425713400556
La Vita Cafe,Bakı,Nərimanov rayonu,Təbriz küçəsi,44 AZ1000,(+99412) 566-28-10,*** 1 səs,5,Kafelər,http://www.facebook.com/pages/La-Vita/281311228549545?sk=timeline
Lahmacun 24 Saat,Bakı,Yasamal rayonu,Həsənbəy Zərdabi küçəsi,65 AZ1000,(+99412) 432-80-20,*** 2 səs,5,Türk mətbəxi,No Site
Lalə restoranı,Bakı,Nərimanov rayonu,Fətəli xan Xoyski küçəsi,109 AZ1033,(+99412) 465-62-05,No Rating,4,Restoranlar,No Site
Laparte restoranı,Bakı,Səbail rayonu,İstiqlaliyyət küçəsi,51 AZ1000,(+99412) 497-77-79,No Rating,4,Restoranlar,http://www.facebook.com/pages/Laparte/188417864542236
Le Cafe,Bakı,Səbail rayonu,Səftər Quliyev küçəsi,7 AZ1000,(+99412) 497-24-97,*** 1 səs,5,Azərbaycan mətbəxi,http://www.facebook.com/LeCafeBaku?fref=ts
Legato Palace,Bakı,Yasamal rayonu,Fuad İbrahimbəyov küçəsi,15 AZ1065,(+99412) 497-33-10,*** 2 səs,5,Şadlıq evləri,http://www.facebook.com/pages/Legato-Palace-Şadlıq-Sarayı/1482514738633870?fref=ts
Level Lounge & Karaoke,Bakı,Nərimanov rayonu,Təbriz küçəsi,239 AZ1000,(+99412) 514-45-42,No Rating,3,Fast-fud,http://www.facebook.com/levelloungekaraoke
Lezzet İstanbul 28 Mall,Bakı,Nəsimi rayonu,Füzuli küçəsi AZ1000,No Postal Address,(+99412) 503-90-91,*** 1 səs,5,Türk mətbəxi,No Site
Lido restoranı,Bakı,Binəqədi rayonu,Atatürk prospekti,69 AZ1000,(+99412) 436-20-21,No Rating,,Restoranlar,http://www.lido.az
Liman restoranı,Bakı,Xətai rayonu,Afiyəddin Cəlilov küçəsi,4A,(+99412) 496-42-46,*** 1 səs,5,Azərbaycan mətbəxi,No Site
Limon Restoranı,Bakı,20 Yanvar küçəsi,Nəsimi rayonu,37A AZ1000,(+99412) 569-02-92,No Rating,4,Restoranlar,No Site
Lord restoranı,Bakı,Xətai rayonu,Yusif Səfərov küçəsi,23A AZ1025,(+99412) 496-49-99,No Rating,,Restoranlar,http://www.crystal.az
Ləziz Dad,Bakı,Xətai rayonu,Gəncə prospekti,27 AZ1000,(+99412) 372-66-52,*** 4 səs,5,Kafelər,No Site
M'EAT Restaurant,Bakı,Səbail rayonu,Səməd Vurğun küçəsi AZ1095,No Postal Address,(+99412) 310-19-19,No Rating,4,Restoranlar,http://www.facebook.com/meatbybeat/timeline
Mado Japanese Restaurant,Bakı,Yasamal rayonu,İnşaatçılar prospekti,33 AZ1010,(+99412) 497-55-44,*** 4 səs,5,Asiya mətbəxi,http://www.madobaku.az
Maestro Restaurant,Bakı,Yasamal rayonu,Bəsti Bağırova küçəsi,2 AZ1065,(+99412) 436-97-50,*** 2 səs,5,Suşi,http://www.facebook.com/MaestroRestaurant
Maharaja restoranı,Bakı,Səbail rayonu,Abdulkərim Əlizadə küçəsi,6 AZ1000,(+99412) 492-43-34,*** 2 səs,5,Şərq mətbəxi,No Site
Mala Praga restoranı,Bakı,Xətai rayonu,Babək prospekti,56 AZ1000,(+99412) 570-42-42,*** 1 səs,5,Azərbaycan mətbəxi,http://www.facebook.com/pages/Mala-Praga/142448399158401
Mali Club,Bakı,Nərimanov rayonu,Fətəli xan Xoyski prospekti,222 B AZ1000,(+99412) 567-00-99,*** 1 səs,5,Restoranlar,No Site
Mangal Steak House,Bakı,Səbail rayonu,Mirzə Mustafayev küçəsi,3 AZ1000,(+99412) 505-10-11,*** 3 səs,5,Azərbaycan mətbəxi,http://www.facebook.com/Mangal.Steak.House1/timeline
Manqal Restoranı,Bakı,Səbail rayonu,Kiçik Qala küçəsi,126 AZ1000,(+99455) 920-10-15,*** 3 səs,5,Azərbaycan mətbəxi,http://www.manqal.az
Manqalüstü Restoran,Bakı,Nizami rayonu,Bəkir Çobanzadə küçəsi,216 AZ1060,(+99412) 375-04-04,*** 2 səs,5,Azərbaycan mətbəxi,http://www.facebook.com/manqalustu/timeline
Marco Polo restoranı,Bakı,Səbail rayonu,Хaqani küçəsi,17 AZ1000,(+99412) 493-31-32,No Rating,4,Restoranlar,No Site
Mari Vanna restoranı,Bakı,Səbail rayonu,Zərifə Əliyeva küçəsi,93 AZ1010,(+99412) 404-95-95,No Rating,4,Restoranlar,http://www.marivanna.az
Marina Restoranı,Bakı,Səbail rayonu,Neftçilər prospekti,54 AZ1000,(+99412) 493-90-92,No Rating,4,Restoranlar,http://www.facebook.com/marinarestaurantbaku
Marmaris Restoranı,Bakı,2-ci mikrorayon,Hüseynbala Əliyev küçəsi,3 АZ1000,(+99412) 431-02-15,No Rating,4,Türk mətbəxi,http://www.facebook.com/marmarisrestaurant
Masa Cafe,Bakı,Nəsimi rayonu,Mərdanov qardaşları küçəsi,15A AZ1022,(+99451) 488-62-82,*** 1 səs,5,Azərbaycan mətbəxi,http://www.facebook.com/masa.baku/timeline?ref=page_internal
Masu restoranı,Bakı,Səbail rayonu,Neftçilər prospekti,153 AZ1010,(+99412) 404-82-04,No Rating,4,Asiya mətbəxi,http://www.portbaku-dining.az
Maya Mexican Restaurant & Bar,Bakı,Bayıl qəsəbəsi,Səbail rayonu,Neftçilər prospekti AZ1010,(+99412) 404-82-16,*** 2 səs,5,Restoranlar,http://www.saffron.az
Mayak 13 Art Cafe,Bakı,Səbail rayonu,Kiçik Qala küçəsi,54 AZ1000,(+99412) 505-03-04,No Rating,4,Azərbaycan mətbəxi,http://www.instagram.com/mayak_13/
Mayak Restoranı Dalğa Beach,Bakı,Mərdəkan qəsəbəsi,Xəzər rayonu,Sahil,(+99412) 565-55-35,No Rating,4,Restoranlar,http://www.dalgabeach.az
Meating Point,Bakı,Səbail rayonu,Təbriz Xəlilbəyli küçəsi,6 AZ1000,(+99412) 492-92-82,*** 1 səs,5,Fast-fud,http://www.facebook.com/Meatingpointbaku
Megapolis Club,Bakı,Nəsimi rayonu,Bakıxanov küçəsi,19 AZ1000,(+99412) 597-50-51,*** 1 səs,5,Restoranlar,http://www.megapolisclub.az
Megapolis Restoranı,Bakı,Nərimanov rayonu,Dadaşov İbrahim Paşa küçəsi,63D AZ1000,(+99412) 436-14-29,No Rating,4,Azərbaycan mətbəxi,No Site
Merci Baku,Bakı,Səbail rayonu,Asəf Zeynallı küçəsi,16 AZ1000,(+99412) 492-36-10,*** 4 səs,5,Restoranlar,http://www.facebook.com/mercibakurestaurant
Meşəbəyi Restoran,Bakı,Binəqədi rayonu,Cəfər Xəndan küçəsi,50 AZ1000,(+99412) 563-43-93,*** 2 səs,5,Azərbaycan mətbəxi,http://www.facebook.com/pages/Restoran-Meşəbəyi/207812249420353?sk=timeline&ref=page_internal
Metro Star restoranı,Bakı,Xətai rayonu,Sarayeva küçəsi,22A AZ1000,(+99412) 555-11-65,*** 1 səs,5,Restoranlar,http://www.facebook.com/pages/Metro-Star/505261752844027?fref=ts
Mezzo restoranı,Bakı,Yasamal rayonu,İzmir küçəsi,1033 AZ1000,(+99412) 496-12-34,No Rating,4,Restoranlar,http://www.baku.regency.hyatt.com
Midnight restoranı,Bakı,Nərimanov rayonu,Əhməd Rəcəbli küçəsi,16A AZ1000,(+99412) 564-44-41,No Rating,2,Restoranlar,http://www.facebook.com/pages/Midnight/314193328691483
Milana restoranı,Bakı,Nəsimi rayonu,Cəlil Məmmədquluzadə küçəsi,108 AZ1000,(+99412) 480-36-30,*** 4 səs,5,Azərbaycan mətbəxi,http://www.facebook.com/MilanaRestaurantLounge/info?tab=page_info
Mont Inn Restaurant,Bakı,Ağa Nemətulla küçəsi,Nərimanov rayonu,48 AZ1033,(+99412) 567-94-81,No Rating,4,Restoranlar,http://www.montinnhotel.az
Moon Crown restoranı,Bakı,Bayıl qəsəbəsi,Qurban Abbasov küçəsi,Səbail rayonu,(+99412) 491-51-73,No Rating,4,Yeməyin çatdırılması,http://www.facebook.com/pages/Moon-Crown/192418560797682
Movida Restoran,Bakı,Səbail rayonu,Neftçilər prospekti,153 AZ1010,(+99412) 404-82-03,*** 2 səs,5,Restoranlar,http://www.portbaku-dining.az
Mozzarella Restoranı,Bakı,Nərimanov rayonu,Təbriz küçəsi,193 AZ1000,(+99412) 567-90-93,*** 2 səs,5,Restoranlar,http://www.mozzarella.az
Muğam Ocağı restoranı,Bakı,8-ci km. qəsəbəsi,Xətai rayonu,Babək prospekti,(+99412) 370-93-00,*** 1 səs,5,Restoranlar,http://www.facebook.com/pages/Muğam-Ocağı-Restoranı/808068752543924
Muğam restoranı,Bakı,Səbail rayonu,Həqiqət Rzayeva küçəsi,9 AZ1000,(+99412) 492-31-76,No Rating,4,Türk mətbəxi,No Site
Museum Inn Boutique Restaurant,Bakı,Səbail rayonu,Qazı Məmməd küçəsi,3,(+99412) 497-07-22,*** 1 səs,5,Restoranlar,http://www.museuminn.az
My Beach Novxanı,Bakı,Abşeron rayonu,Novхanı qəsəbəsi AZ1000,No Postal Address,No Phone,*** 1 səs,5,Restoranlar,http://www.mybeach.az
Namlı Kebab,Bakı,Səbail rayonu,Mərdanov qardaşları küçəsi,3 AZ1000,(+99412) 493-03-98,*** 1 səs,5,Türk mətbəxi,http://www.namlikebapbaku.az
Napoli restoranı,Bakı,Yasamal rayonu,İslam Səfərli küçəsi,16 AZ1000,(+99455) 200-06-30,No Rating,4,Restoranlar,http://www.facebook.com/pages/Napoli-Baku/133364226827842?fref=ts
Nar & Sharab restoranı,Bakı,Səbail rayonu,Namiq Quliyev küçəsi,24 AZ1000,(+99450) 241-01-01,No Rating,4,Restoranlar,http://www.facebook.com/pages/Nar-Sharab-Beach/551098988261553
National Azerbaijan Restaurant,Bakı,Nəsimi rayonu,İzmir küçəsi,5A AZ1000,(+99450) 210-37-08,*** 2 səs,5,Azərbaycan mətbəxi,http://www.facebook.com/RestoranNar/timeline
Naxçıvan Restoranı,Bakı,Yasamal rayonu,Parlament prospekti,8 AZ1000,(+99412) 480-85-85,*** 3 səs,5,Azərbaycan mətbəxi,http://www.facebook.com/NakhchivanRestaurant
New Izmir Restaurant & Lounge,Bakı,Nəsimi rayonu,İzmir küçəsi,5 AZ1000,(+99450) 226-30-60,*** 2 səs,5,Restoranlar,http://www.facebook.com/newizmirrestaurant/timeline
New York Pizza Baku,Bakı,Nərimanov rayonu,Akademik Həsən Əliyev küçəsi,133 1072,(+99412) 564-14-12,No Rating,,Fast-fud,http://www.facebook.com/NewYorkPizzaBaku
Nişantaşı restoranı,Bakı,Yasamal rayonu,Mikayıl Müşfiq küçəsi,12 AZ1000,(+99412) 537-09-50,No Rating,4,Restoranlar,http://www.facebook.com/pages/Nisantasi-Restoran/339641576103550
Nizami Restaurant & Lounge,Bakı,Nəsimi rayonu,Bül-Bül prospekti,20 AZ1000,(+99412) 498-04-03,*** 1 səs,5,Azərbaycan mətbəxi,http://www.facebook.com/pages/Nizami-Restaurant-Lounge/770457919644958?sk=timeline
Noosh Restoranı,Bakı,Xətai rayonu,Babək prospekti,Ələddin Quliyev küçəsi,(+99412) 488-06-94,*** 2 səs,5,Azərbaycan mətbəxi,http://www.facebook.com/nooshrest/timeline
Notto Grill & Fish,Bakı,28 May küçəsi,Nəsimi rayonu,31 АZ1014,(+99412) 493-00-66,*** 3 səs,5,Suşi,http://www.facebook.com/notto.az
Nərgiz Restoranı,Bakı,Səbail rayonu,Tərlan Əliyarbəyov küçəsi,9 AZ1000,(+99412) 493-98-86,No Rating,4,Azərbaycan mətbəxi,http://www.facebook.com/NARGIZ.RESTAURANT
Oazis Restoran,Bakı,8-ci mikrorayon,Binəqədi rayonu,Şövkət Məmmədova küçəsi,(+99412) 562-15-87,No Rating,4,Şadlıq evləri,http://www.facebook.com/OazisRestoran
Old Baku Restoran,Bakı,Səbail rayonu,Məmməd Əmin Rəsulzadə küçəsi,8 AZ1000,(+99412) 498-19-38,*** 2 səs,5,Restoranlar,http://www.qurman.az
Old Tbilisi restoranı,Bakı,Səbail rayonu,Tərlan Əliyarbəyov küçəsi,9 AZ1005,(+99412) 498-87-34,*** 5 səs,5,Gürcü mətbəxi,http://www.oldtbilisi.az
Oliva restoranı,Bakı,Nəsimi rayonu,Bakıxanov küçəsi,6 AZ1000,(+99412) 404-54-04,No Rating,4,Restoranlar,http://www.bic.az
Olivita Restoran,Bakı,Nəsimi rayonu,Mirzə İbrahimbəyov küçəsi,18 AZ1005,(+99412) 595-04-17,*** 1 səs,5,Azərbaycan mətbəxi,http://www.facebook.com/pages/Olivita-Restaurant/772153092863343?fref=pb&hc_location=profile_browser
Olympus Bar,Bakı,Yasamal rayonu,Tbilisi prospekti,22 AZ1000,(+99412) 490-70-90,No Rating,1,Kafelər,http://www.grand-europe.com
Opera Sky,Bakı,Xətai rayonu,Nobel prospekti,15 AZ1000,(+99450) 270-88-88,*** 3 səs,5,Restoranlar,http://www.facebook.com/OperaSkyBaku
Ora Lounge,Bakı,Nərimanov rayonu,Təbriz küçəsi,106A AZ1000,(+99412) 514-08-56,*** 4 səs,5,Azərbaycan mətbəxi,No Site
Orient House Restoranı,Bakı,Nəsimi rayonu,Mirqasımov küçəsi,2 AZ1000,(+99412) 440-76-12,No Rating,4,Şərq mətbəxi,http://www.facebook.com/OrientHouseLoungeRestaurant
Orman Restoranı,Bakı,Nərimanov rayonu,Əhmədbəy Ağaoğlu küçəsi,26 AZ1110,(+99412) 496 38 22,No Rating,4,Restoranlar,http://www.facebook.com/pages/Restaurant-Orman/146125365527046
Ornament restoranı,Bakı,Səbail rayonu,Salyan şossesi AZ1023,No Postal Address,(+99412) 491-73-03,No Rating,4,Azərbaycan mətbəxi,http://www.ramadabaku.com
Osmanlı Sofrası,Bakı,Nərimanov rayonu,Əhməd Rəcəbli küçəsi,25 AZ1052,(+99455) 300-53-68,No Rating,4,Türk mətbəxi,http://www.facebook.com/OsmanliSofrasiBaku/timeline
Otto Colonne Restoranı,Bakı,Səbail rayonu,İstiqlaliyyət küçəsi,10 AZ1000,(+99412) 505-07-70,*** 2 səs,5,Restoranlar,http://www.ottocolonne.az
Öz Kardeşlər Restoranı,Bakı,Xətai rayonu,Məhəmməd Hadi küçəsi,39D AZ1000,(+99412) 408-57-47,No Rating,4,Restoranlar,No Site
Özsüt restoranı,Bakı,Nərimanov rayonu,Atatürk prospekti,1 AZ1000,(+99412) 564-21-28,*** 3 səs,5,Türk mətbəxi,http://www.ozsut.az
Padişah restoranı,Bakı,Səbail rayonu,Xaqani küçəsi,26 AZ1000,(+99412) 598-15-52,No Rating,3,Türk mətbəxi,No Site
Palma Lounge,Bakı,Səbail rayonu,Fəvvarələr meydanı AZ1000,No Postal Address,(+99450) 728-66-66,*** 1 səs,5,Restoranlar,No Site
Panorama Klub,Bakı,Buzovna qəsəbəsi,Xəzər rayonu,Viktor Seryogin küçəsi,(+99412) 453-57-67,No Rating,4,Restoranlar,No Site
Panorama Restaurant,Bakı,Bayıl qəsəbəsi,Səbail rayonu,Xanlar küçəsi,(+99412) 491-67-17,*** 2 səs,5,Restoranlar,http://www.eastlegend.az
Panoramic Restaurant & Music Hall,Bakı,Səbail rayonu,Neftçilər prospekti,33 AZ1000,(+99412) 491-30-33,*** 2 səs,5,Restoranlar,http://www.facebook.com/PanoramicRMH
Paris Bistro,Bakı,Səbail rayonu,Zərifə Əliyeva küçəsi,1/4 AZ1010,(+99412) 404-82-15,No Rating,4,Kafelər,http://www.parisbistro.az
Park House,Bakı,Xətai rayonu,Neapol küçəsi AZ1129,No Postal Address,(+99412) 371-31-32,No Rating,4,Azərbaycan mətbəxi,http://www.facebook.com/parkhousebaku/timeline?ref=page_internal
Paul Azərbaycan restoranı,Bakı,Səbail rayonu,Neftçilər prospekti,151 AZ1010,(+99455) 401-21-09,*** 4 səs,5,Kafelər,http://www.paul.az
Perfetto restoranı,Bakı,Yasamal rayonu,Bəşir Səfəroğlu küçəsi,133 AZ1000,(+99412) 597-18-97,No Rating,4,Azərbaycan mətbəxi,http://www.perfetto.az/index.php/az/
Perla by Gusto,Bakı,Nəsimi rayonu,Asif Məhərrəmov küçəsi,26B AZ1000,*1919,No Rating,,Fast-fud,http://www.perla.pizzagusto.az
Picasso by Marco Polo,Bakı,28 May küçəsi,Nəsimi rayonu,31 AZ1010,(+99412) 493-52-24,*** 1 səs,5,Restoranlar,No Site
Pip Dolma Evi,Bakı,Nəsimi rayonu,Süleyman Rüstəm küçəsi,8B АZ1000,(+99412) 408-11-67,No Rating,4,Azərbaycan mətbəxi,http://www.pipdolma.com
Pirosmani restoranı,Bakı,Səbail rayonu,Хaqani küçəsi,103 AZ1000,(+99412) 598-07-04,No Rating,4,Gürcü mətbəxi,http://www.pirosmani.az
Pizza Italiano,Bakı,Səbail rayonu,Səid Rüstəmov küçəsi,3 AZ1000,(+99412) 492-75-72,*** 2 səs,5,Pizza,No Site
Pizza Line,Bakı,Nəsimi rayonu,Rəşid Behbudov küçəsi,40 AZ1000,(+99412) 498-63-95,No Rating,4,Pizza,http://www.facebook.com/pages/Pizza-Line/165899313445870
Pool Bar Excelsior Hotel Baku,Bakı,Nərimanov rayonu,Heydər Əliyev prospekti,2 AZ1000,(+99412) 496-80-00,*** 3 səs,5,Restoranlar,http://www.excelsiorhotelbaku.az
Princ Qruziya 19 restoranı,Bakı,Nəsimi rayonu,Səməd Vurğun küçəsi,36 AZ1000,(+99412) 596-75-67,No Rating,3,Gürcü mətbəxi,No Site
Pəncərə restoranı,Bakı,Yasamal rayonu,Azad Mirzəyev küçəsi,583 AZ1065,(+99412) 510-37-00,No Rating,4,Restoranlar,No Site
Qala Qapısı Restoranı,Bakı,Nəsimi rayonu,Mir Cəlal küçəsi,1 AZ1000,(+99412) 555-14-77,*** 2 səs,5,Azərbaycan mətbəxi,No Site
Qaxac Kafe,Bakı,6-cı mikrorayon,Binəqədi rayonu,Mirmahmud Kazımov küçəsi AZ1000,(+99450) 345-95-34,*** 1 səs,5,Azərbaycan mətbəxi,http://www.facebook.com/qaxackafe/timeline
Qaynar Qazan Restoranı,Bakı,Xətai rayonu,Məzahir Rüstəmov küçəsi,35 AZ1000,(+99470) 508-71-71,No Rating,4,Azərbaycan mətbəxi,No Site
Qazmaq Restoranı,Bakı,Səbail rayonu,Kiçik Qala küçəsi,124 AZ1000,(+99412) 505-22-26,*** 2 səs,5,Azərbaycan mətbəxi,http://www.facebook.com/qazmaq
Qızıl Balıq Restoranı,Bakı,Badamdar qəsəbəsi,Səbail rayonu,Badamdar şossesi,(+99470) 615-58-18,No Rating,4,Azərbaycan mətbəxi,No Site
Qoç Ət,Bakı,Yasamal rayonu,Zivərbəy Əhmədbəyov küçəsi,2 AZ1000,(+99412) 594-04-03,No Rating,4,Azərbaycan mətbəxi,No Site
Qoç Ət Nərimanov r.,Bakı,Nərimanov rayonu,Təbriz küçəsi,10 AZ1000,(+99412) 489-87-71,*** 5 səs,5,Azərbaycan mətbəxi,http://www.facebook.com/pages/Qoc-Et-Restoran/1577195325834162
Qorodok restoranı,Bakı,Abdulla Şaiq küçəsi,Yasamal rayonu,245 AZ1000,(+99412) 480-25-30,*** 1 səs,5,Restoranlar,http://www.qorodok.az
Qoşa Qala restoranı,Bakı,Mərdəkan qəsəbəsi,Xəzər rayonu,Hacı Zeynalabdin Tağıyev küçəsi,(+99412) 454-89-54,*** 2 səs,5,Restoranlar,http://www.qoshaqala.az
Qubernator Kafe,Bakı,Səbail rayonu,Mirzə İbrahimbəyov küçəsi,1 AZ1006,(+99412) 594-99-90,*** 1 səs,5,Kafelər,http://www.facebook.com/pages/Qubernator-Kafe/220385158085797?fref=ts
Qurd Qapısı restoranı,Bakı,Badamdar qəsəbəsi,Yasamal rayonu,Mikayıl Müşfiq küçəsi,(+99450) 212-07-46,No Rating,3,Azərbaycan mətbəxi,http://www.facebook.com/pages/Qurd-Qapısı/217497688299637
Qutab House,Bakı,Nəsimi rayonu,Bül-Bül prospekti,67A AZ1014,(+99412) 596-12-13,*** 1 səs,5,Azərbaycan mətbəxi,http://www.facebook.com/Gutab-House-442511302603927/timeline
Quzu Təndir & Kabab,Bakı,Yasamal rayonu,Şərifzadə küçəsi,14 AZ1000,(+99450) 643-55-88,No Rating,4,Azərbaycan mətbəxi,http://www.facebook.com/quzutendir
Qədimi Ev restoranı,Bakı,Səbail rayonu,Kiçik Qala küçəsi,2 AZ1000,(+99412) 437-27-01,No Rating,,Azərbaycan mətbəxi,http://www.facebook.com/pages/Qədimi-Ev-Old-House/377341755722546
Qədir-xum restoranı,Bakı,Binəqədi rayonu,Dadaşov İbrahim Paşa küçəsi,74 B AZ1000,(+99412) 561-35-33,No Rating,4,Türk mətbəxi,http://www.facebook.com/Qdrxumcayevi
Qəsr Karaoke & Lounge,Bakı,Səbail rayonu,Üzeyir Hacıbəyov küçəsi,74 AZ1005,(+99450) 598-88-66,*** 3 səs,5,Restoranlar,http://www.facebook.com/pages/Qasr-KaraokeLounge/1443795379266943
R&B Cafe,Bakı,Yasamal rayonu,Nəriman Nərimanov küçəsi,9 AZ1000,(+99450) 307-19-19,*** 2 səs,5,Kafelər,http://www.rnbcafe.az
Rada & K Vegetarian Restaurant,Bakı,Səbail rayonu,Lev Tolstoy küçəsi,160 AZ1000,(+99412) 598-14-00,*** 2 səs,5,Restoranlar,http://www.facebook.com/radankrestaurant
Ramses restoranı,Bakı,Nəsimi rayonu,Rəşid Behbudov küçəsi,49 AZ1000,(+99412) 596-14-97,*** 1 səs,5,Kafelər,http://www.facebook.com/pages/Ramses-Restaurant/187727274605396?fref=nf
Razzmatazz Cocktail Bar & Lounge,Bakı,Nəsimi rayonu,Azadlıq prospekti,674 AZ1000,(+99412) 499-88-88,*** 1 səs,5,Restoranlar,http://www.marriott.com
Red Olive Lounge,Bakı,Səbail rayonu,Hacı Zeynalabdin Tağıyev küçəsi,14 AZ1000,(+99412) 498-09-54,*** 1 səs,5,Restoranlar,http://www.trattoria-oliva.com
Restoranoff 145,Bakı,Səbail rayonu,Neftçilər prospekti,115 AZ1000,+99412) 493-28-98,*** 2 səs,5,Restoranlar,http://www.facebook.com/restoranoff145?fref=ts
Reyhan Restaurant & Grill,Bakı,Nəsimi rayonu,Bəsti Bağırova küçəsi,607/609 AZ1000,(+99412) 436-81-77,*** 1 səs,5,Restoranlar,http://www.facebook.com/ReyhanRestaurant
Ristorante İtaliano Da Massimo,Bakı,Səbail rayonu,Nizami küçəsi,67A AZ1000,(+99412) 596 03 04,*** 2 səs,5,Pizza,http://www.facebook.com/pages/Ristorante-italiano-da-Massimo/611780328906988
Ritz Fine dining & music,Bakı,Nəsimi rayonu,Mərdanov qardaşları küçəsi,117C AZ1000,(+99412) 404-78-08,No Rating,4,Restoranlar,http://www.ritz.az
Riviera Restoranı,Bakı,Bayıl qəsəbəsi,Qurban Abbasov küçəsi,Səbail rayonu,(+99412) 491-41-40,*** 5 səs,5,Restoranlar,http://www.riviera.az
Rocca Cafe & Restaurant,Bakı,Səbail rayonu,Əziz Əliyev küçəsi,11 AZ1000,(+99412) 492-53-71,*** 1 səs,5,Restoranlar,http://www.facebook.com/roccabaku/home
Rodizio Baku,Bakı,Nəsimi rayonu,Allahyar Nəsibov küçəsi,5 AZ1065,(+99412) 404-99-91,*** 1 səs,5,Restoranlar,http://www.facebook.com/RodizioBaku
Romance Palace,Bakı,Mehdi Abbasov küçəsi,Nizami rayonu,77 AZ1060,(+99450) 355-88-87,*** 2 səs,5,Şadlıq evləri,http://www.facebook.com/RomancePalaceVIP
Saffron Restaurant Group,Bakı,Səbail rayonu,Neftçilər prospekti,153 AZ1010,(+99412) 404-48-00,*** 1 səs,5,Kafelər,http://www.saffron.az
Sahara Lounge,Bakı,Səbail rayonu,Niyazi küçəsi,5 AZ1000,(+99412) 492-93-22,*** 4 səs,5,Şərq mətbəxi,http://www.facebook.com/saharaloungee
Sahil Bar & Restaurant,Bakı,Səbail rayonu,Neftçilər prospekti,34 AZ1000,(+99412) 404-82-12,*** 2 səs,5,Azərbaycan mətbəxi,http://www.saffron.az
Sahil Restoran,Bakı,Səbail rayonu,Neftçilər prospekti,127/1 AZ1000,(+99412) 404-82-12,No Rating,,Restoranlar,http://www.saffron.az
Salam Aleykum restoranı,Bakı,Xətai rayonu,Nəcəfqulu Rəfiyev küçəsi,12A AZ1000,(+99412) 555-71-17,No Rating,4,Azərbaycan mətbəxi,http://www.salamaleykum.az
Salvador Dali restoranı,Bakı,Xətai rayonu,Yusif Səfərov küçəsi,23A AZ1025,(+99412) 496-49-99,No Rating,4,Restoranlar,http://www.crystal.az
Şamdan Restoranı,Bakı,Nərimanov rayonu,Məmməd Araz küçəsi,76 AZ1069,(+99412) 564-77-00,No Rating,4,Azərbaycan mətbəxi,http://www.ramadahotelsuitesbaku.az
Samovar restoranı,Bakı,Xətai rayonu,Sabit Orucov küçəsi,17C AZ1033,(+99412) 488-77-50,No Rating,4,Çay evləri,http://www.facebook.com/Samovar.tea.lounge
Santino Restaurant Baku,Bakı,Nəsimi rayonu,Əlimərdanbəy Topçubaşov küçəsi,11,(+99412) 597-90-92,*** 2 səs,5,Restoranlar,http://www.facebook.com/santinorestaurantbaku
Sapore Italiano,Bakı,Nərimanov rayonu,Təbriz küçəsi,80X AZ1000,(+994 12) 409-06-64,*** 2 səs,5,Kafelər,http://www.facebook.com/saporeitalianobaku?fref=ts
Saray Lounge Restoranı,Bakı,Səbail rayonu,Xaqani küçəsi,42 AZ1000,(+99412) 493-32-14,*** 2 səs,5,Türk mətbəxi,http://www.saraylounge.az
Şato Restoranı,Bakı,Bakı,Binəqədi rayonu,Binəqədi rayonu,(+99412) 436-98-52,*** 1 səs,5,Azərbaycan mətbəxi,No Site
Scalini Port Baku Tower,Bakı,Səbail rayonu,Neftçilər prospekti,153 AZ1010,(+99412) 404-82-07,No Rating,4,Pizza,http://www.portbaku-dining.az
Scalini restoranı,Bakı,Yasamal rayonu,Bakıxanov küçəsi,2 AZ1000,(+99470) 598-28-50,*** 1 səs,5,Pizza,http://www.scalini.az
Schlotzsky's Azerbaijan,Bakı,Yasamal rayonu,Cəfər Cabbarlı küçəsi,11 AZ1000,(+99412) 595-83-41,No Rating,4,Fast-fud,http://www.facebook.com/Schlotzskys.Azerbaijan
Seaside Restaurant & Lounge,Bakı,Buzovna qəsəbəsi,Xəzər rayonu AZ1000,No Postal Address,(+99455) 210-66-33,No Rating,4,Restoranlar,http://www.facebook.com/SeasideRestaurantLounge
Secrets VIP Club,Bakı,Nəsimi rayonu,Əlövsət Quliyev küçəsi,127 АZ1000,(+99470) 319-07-07,No Rating,4,Restoranlar,http://www.facebook.com/pages/SECRETS-VIP-CLUB/202125719835026?sk=timeline&ref=page_internal
Segafredo Zanetti in Baku,Bakı,Nərimanov rayonu,Təbriz küçəsi,106A AZ1000,(+99412) 514-08-56,No Rating,4,Kafelər,http://www.segafredocafe.com
Segafredo Zanetti in Baku Park Bulvar,Bakı,Səbail rayonu,Neftçilər prospekti,1 AZ1000,(+99412) 598-73-03,*** 1 səs,5,Kafelər,http://www.facebook.com/SegafredoBaku/timeline
Senator Restaurant & Terrace,Bakı,Səbail rayonu,Nizami küçəsi,1/3 AZ1000,(+99412) 505-58-38,*** 2 səs,5,Restoranlar,http://www.facebook.com/pages/Senator-restaurant-terrace/255146378016288?ref=br_rs
Seven Restaurant & Lounge,Bakı,Yasamal rayonu,Bəsti Bağırova küçəsi,607/609 AZ1000,(+99412) 436-81-77,No Rating,4,Restoranlar,No Site
Sezan Restoran,Bakı,Nəsimi rayonu,Nizami küçəsi,247 AZ1000,(+99412) 493-76-64,No Rating,,Restoranlar,No Site
Shaikh Restoranı,Bakı,Səbail rayonu,Nizami küçəsi,77 AZ1000,(+99412) 493-26-17,No Rating,4,Azərbaycan mətbəxi,http://www.facebook.com/shaikh.lounge.restaurant
Sham Bulvar restoran,Bakı,Səbail rayonu,Neftçilər prospekti,44 AZ1000,(+99412) 493-89-70,*** 1 səs,5,Restoranlar,http://www.bbm-az.com
Shani Boutique & Restaurant,Bakı,Yasamal rayonu,Naxçıvani küçəsi,1 AZ1000,(+99412) 436-98-52,No Rating,4,Restoranlar,No Site
Shanli Restoran,Bakı,Nizami rayonu,Qara Qarayev prospekti,74 AZ1000,(+99412) 323-40-43,*** 2 səs,5,Türk mətbəxi,No Site
Sheraton restoranı,Bakı,Yasamal rayonu,Zahid Xəlilov küçəsi,53 AZ1000,(+99412) 510-31-25,No Rating,4,Türk mətbəxi,No Site
Sherlocks Beach,Bakı,Xəzər rayonu,Zaqulba AZ1000,No Postal Address,(+99412) 453-59-59,*** 2 səs,5,Qayıqlar,http://www.sherlocks.az
Shesh Besh restoranı,Bakı,Nərimanov rayonu,Müzəffər Nərimanov küçəsi,2058 AZ1000,(+99455) 303-00-00,No Rating,4,Azərbaycan mətbəxi,No Site
Shin Shin Çin Restoranı,Bakı,Səbail rayonu,Nizami küçəsi,90A AZ1000,(+99412) 465-20-00,No Rating,4,Asiya mətbəxi,No Site
Shir-Shir restoranı,Bakı,Binəqədi rayonu,Dərnəgül şossesi,2082 AZ1000,(+99412) 562-04-08,*** 1 səs,5,Restoranlar,No Site
Siesta Restoran,Bakı,Nərimanov rayonu,Atatürk prospekti,32 A AZ1112,(+99412) 465-94-73,*** 3 səs,5,Fast-fud,http://www.facebook.com/siestarestoranfastfood
Şirvanşah Restaurant,Bakı,Nəsimi rayonu,Salatın Əsgərova küçəsi,86 AZ1000,(+99412) 595-09-01,*** 2 səs,5,Kafelər,http://www.facebook.com/shirvanshakh
Şişli Restoranı,Bakı,Yasamal rayonu,Naxçıvani Məhəmməd İbn Hinduşah küçəsi,14 AZ1000,(+99412) 436-97-06,No Rating,4,Azərbaycan mətbəxi,http://www.6parallel.az
Sketch Restaurant & Lounge,Bakı,Səbail rayonu,Xaqani küçəsi,53 AZ1000,(+99450) 615-31-13,*** 3 səs,5,Asiya mətbəxi,http://www.facebook.com/SketchRestaurant
Sky Grill restoranı,Bakı,Azadlıq prospekti,Səbail rayonu,1B AZ1000,(+99412) 464-50-00,*** 1 səs,5,Restoranlar,No Site
Snack & Salad,Bakı,Səbail rayonu,Nizami küçəsi,96 AZ1000,(+99412) 465-20-00,No Rating,4,Restoranlar,http://www.thelandmarkhotel.az
Soba Ailəvi Restoran,Bakı,9-cu mikrorayon,Mir Cəlal küçəsi,297 AZ1000,(+99412) 568-63-64,*** 4 səs,5,İaşə xidməti (keyterinq),http://www.facebook.com/SOBA.RESTORAN
Societe Cafe,Bakı,Səbail rayonu,Niyazi küçəsi,5 AZ1000,(+99455) 599-99-33,*** 1 səs,5,Kafelər,http://www.facebook.com/societebaku
Sofra restoranı,Bakı,Ələsgər Ələkbərov küçəsi,Yasamal rayonu,12 AZ1000,(+99412) 480-31-95,No Rating,,Türk mətbəxi,No Site
Solfeggio Lounge & Club,Bakı,Yasamal rayonu,İzmir küçəsi,9,(+99450) 880-09-09,No Rating,3,Restoranlar,http://www.facebook.com/pages/Solfeggio-Lounge-Club/719087524873329?sk=timeline
Soloha restoranı,Bakı,Nəsimi rayonu,Mirəli Qaşqay küçəsi,61 AZ1000,(+99412) 440-30-31,*** 3 səs,5,Restoranlar,http://www.soloha.az
Soul Kitchen Restoranı,Bakı,Səbail rayonu,Rəsulzadə küçəsi,3 AZ1000,(+99412) 493-08-80,No Rating,4,Kafelər,http://www.facebook.com/soulkitchenbaku
Stariy Tiflis restoranı,Bakı,Bakıxanov qəsəbəsi,Sabunçu rayonu,Sülh küçəsi,(+99412) 429-49-59,No Rating,4,Gürcü mətbəxi,http://www.facebook.com/pages/Stariy-Tiflis-Pub-Restoran/819949534686948
Stingray Restoranı,Bakı,Qaradağ rayonu,Sahil qəsəbəsi,27-29  AZ1000,(+99450) 206-86-24,No Rating,4,Azərbaycan mətbəxi,http://www.facebook.com/StingrayKhazar
Sugar Lounge,Bakı,Azadlıq prospekti,Səbail rayonu,1B AZ1000,(+99412) 464-50-00,No Rating,4,Restoranlar,No Site
Suleymans Cafe,Bakı,Nərimanov rayonu,Əhməd Rəcəbli küçəsi,16A AZ1000,(+99412) 564-44-41,No Rating,4,Türk mətbəxi,http://www.facebook.com/SuleymansRestaurantCafe?fref=ts
Sultan restoranı,Bakı,Səbail rayonu,Хaqani küçəsi,84B AZ1000,(+99412) 498-88-45,No Rating,4,Azərbaycan mətbəxi,http://www.sultan.com.az
Sultan's Park Bulvar,Bakı,Səbail rayonu,Neftçilər prospekti AZ1000,No Postal Address,(+99412) 598-73-73,*** 2 səs,5,Türk mətbəxi,http://www.sultans.az
Sultan`s restoranı,Bakı,Səbail rayonu,Хaqani küçəsi,14 AZ1000,(+99412) 598-05-55,*** 2 səs,5,Türk mətbəxi,http://www.sultans.az
Sumakh restoranı,Bakı,Xətai rayonu,Xocalı prospekti,20/21 AZ1000,(+99412) 480-21-12,*** 2 səs,5,Azərbaycan mətbəxi,http://www.facebook.com/sumakh
Sürmə Restoran,Bakı,Yasamal rayonu,Şəfaət Mehdiyev küçəsi,1054 AZ1000,(+99412) 530-82-77,No Rating,4,Restoranlar,http://www.facebook.com/SurmeRestaurant/timeline
Şuşa restoranı,Bakı,Nərimanov rayonu,Xəlilbəyli küçəsi,35 AZ1008,(+99412) 496-28-85,No Rating,4,Restoranlar,No Site
Sədəf Milli Mətbəx,Bakı,Səbail rayonu,Neftçilər prospekti AZ1000,No Postal Address,(+99450) 227-30-90,No Rating,4,Azərbaycan mətbəxi,http://www.facebook.com/SadafAzerbaijan
Şəfa Balıq Evi,Bakı,Səbail rayonu,Namiq Quliyev küçəsi AZ1000,No Postal Address,(+99450) 558-40-04,*** 2 səs,5,Restoranlar,http://www.facebook.com/shefabaliqevi/timeline?ref=page_internal
Şəhzadə Restoran,Bakı,Nərimanov rayonu,Akademik Həsən Əliyev küçəsi,88 AZ1000,(+99412) 564-67-77,No Rating,4,Türk mətbəxi,http://www.sahzaderestoran.com
Şəhzadə Restoran Nərimanov m.,Bakı,Nərimanov rayonu,Təbriz küçəsi,97/49 AZ1000,(+99412) 566-35-36,*** 1 səs,5,Türk mətbəxi,http://www.sahzaderestoran.com
Şəki Restoran,Bakı,Badamdar qəsəbəsi,Səbail rayonu,Mikayıl Müşfiq küçəsi AZ1000,(+99412) 502-44-81,No Rating,4,Azərbaycan mətbəxi,http://www.facebook.com/Sheki-Restorani-432216956844280
Şəki Restoran,Bakı,Nərimanov rayonu,Əhməd Rəcəbli küçəsi,38 AZ1000,(+99412) 564-86-96,No Rating,2,Azərbaycan mətbəxi,http://www.facebook.com/Sheki-Restorani-432216956844280
Şərbət Restoranı,Bakı,Nəsimi rayonu,Mərdanov qardaşları küçəsi,18 АZ1000,(+99412) 598-14-00,No Rating,4,Restoranlar,http://www.facebook.com/pages/Şərbət/365477020255662
Tarhun Restoranı,Bakı,Nərimanov rayonu,Təbriz küçəsi,106A AZ1000,(+99455) 329-96-96,*** 5 səs,5,Azərbaycan mətbəxi,http://www.facebook.com/tarhunrestaurant?fref=nf
Tarihi Sultanahmet Köfteci,Bakı,Səbail rayonu,Abdulkərim Əlizadə küçəsi,16 AZ1000,(+99412) 493-61-93,*** 3 səs,5,Türk mətbəxi,http://www.sultanahmetkoftesi.az
Tarihi Sultanahmet Köfteci Metropark,Bakı,Nərimanov rayonu,Təbriz küçəsi,44 AZ1000,(+99412) 493-61-93,*** 2 səs,5,Türk mətbəxi,http://www.sultanahmetkoftesi.az
Tarihi Sultanahmet Köfteci Park Bulvar,Bakı,Səbail rayonu,Neftçilər prospekti,1 AZ1000,(+99412) 493-61-93,No Rating,4,Türk mətbəxi,http://www.sultanahmetkoftesi.az
Tarsus Restoran,Bakı,Səbail rayonu,Nizami küçəsi,54 AZ1000,No Phone,No Rating,,Restoranlar,No Site
Teatral 101 restoran,Bakı,Xətai rayonu,Nizami küçəsi,101 AZ1000,(+99412) 493-31-41,No Rating,,Azərbaycan mətbəxi,No Site
Teatral Club,Bakı,Nərimanov rayonu,Ceyhun Hacıbəyli küçəsi,99 AZ1110,(+99412) 441-20-63,No Rating,4,Çay evləri,No Site
Teleqüllə restoranı,Bakı,Abbaszadə küçəsi,Səbail rayonu,2 AZ1000,(+99412) 537-08-00,No Rating,4,Azərbaycan mətbəxi,http://www.telequlle.az
Teremok restoranı,Bakı,Yasamal rayonu,İnşaatçılar prospekti,3 AZ1000,(+99412) 539-17-34,No Rating,4,Restoranlar,No Site
Terminal restoranı,Bakı,Səngəçal burnu,41 km AZ1000,No Postal Address,(+99412) 446-79-97,No Rating,4,Restoranlar,No Site
Terrace Cafe & Bar,Bakı,Nərimanov rayonu,Məmməd Araz küçəsi,76 AZ1069,(+99412) 564-77-00,*** 1 səs,5,Kafelər,http://www.ramadahotelsuitesbaku.az
Terrace Garden Restoran,Bakı,Səbail rayonu,Böyük Qala küçəsi,20 AZ1000,(+99412) 437-23-05,*** 1 səs,5,Restoranlar,http://www.sultaninn.com
Testi restoranı,Bakı,Nəsimi rayonu,Azadlıq prospekti,90 AZ1000,(+99412) 440-75-00,No Rating,4,Restoranlar,No Site
The Alley Cafe,Bakı,Bilgəh qəsəbəsi,Sabunçu rayonu,Qələbə,(+99412) 565-40-00,*** 2 səs,5,Kafelər,http://www.jumeirah.com
The Brewery Restoran,Bakı,Səbail rayonu,İstiqlaliyyət küçəsi,27 AZ1000,(+99412) 437-28-68,No Rating,4,Restoranlar,No Site
The Mill Restaurant & Lounge,Bakı,Səbail rayonu,Nizami küçəsi,90A AZ1000,(+99412) 465-20-00,No Rating,4,Restoranlar,No Site
Theatre Lounge,Bakı,Səbail rayonu,Nizami küçəsi,72 AZ1001,(+99412) 598-36-46,*** 1 səs,5,Kafelər,http://www.facebook.com/pages/Theatre-Lounge/492742720736068
Theatre Lounge,Bakı,Nizami küçəsi,72 AZ1000,No Postal Address,(+99412) 598-36-46,No Rating,,Restoranlar,http://www.facebook.com/pages/Theatre-Lounge/467261800017147
Time Sports Lounge,Bakı,Səbail rayonu,Nizami küçəsi,279 AZ1000,(+99412) 496-85-54,No Rating,4,Restoranlar,http://www.facebook.com/TimeSportsLounge/timeline
Tonqal restoranı,Bakı,Nərimanov rayonu,Akademik Həsən Əliyev küçəsi,82 AZ1000,(+99412) 449-91-98,*** 2 səs,5,Azərbaycan mətbəxi,http://www.tonqal.az
Topkimi,Bakı,Nəsimi rayonu,Dilarə Əliyeva küçəsi,206 AZ1000,(+99412) 493-04-40,*** 1 səs,5,Fast-fud,http://www.facebook.com/topkimibaku/timeline
Toro Steakhouse,Bakı,Nərimanov rayonu,Atatürk prospekti AZ1000,No Postal Address,(+99451) 771-11-00,*** 3 səs,5,Restoranlar,http://www.facebook.com/torobaku
Toscana Restaurant & Catering Service,Bakı,Yasamal rayonu,Bəsti Bağırova küçəsi,12 AZ1000,(+99412) 436-80-47,*** 2 səs,5,İaşə xidməti (keyterinq),No Site
Tower Karaoke & Lounge,Bakı,Səbail rayonu,Üzeyir Hacıbəyov küçəsi,38/3 AZ1000,(+99412) 598-88-66,*** 1 səs,5,Kafelər,http://www.facebook.com/TowerClubBaku
Town Lounge,Bakı,Səbail rayonu,Хaqani küçəsi,18 AZ1000,(+99412) 598-24-97,No Rating,4,Azərbaycan mətbəxi,No Site
Trattoria L'oliva Restoranı,Bakı,Səbail rayonu,Hacı Zeynalabdin Tağıyev küçəsi,14 AZ1000,(+99412) 493-09-54,No Rating,4,Pizza,http://www.trattoria-oliva.com
Trin-Trava restoranı,Bakı,Səbail rayonu,Хaqani küçəsi,42 AZ1000,(+99450) 471-20-23,No Rating,4,Restoranlar,http://www.trin-trava.com
Türkoglu Lahmacun,Bakı,Nəsimi rayonu,Cavadxan küçəsi,38 AZ1000,(+99412) 530-18-21,No Rating,4,Türk mətbəxi,No Site
Türkoğlu Restoran,Bakı,Yasamal rayonu,Nazim Hikmət küçəsi,25 AZ1065,(+99412) 555-70-26,No Rating,4,Türk mətbəxi,http://www.facebook.com/Turkoglu.Restoran
Təam Restoranı,Bakı,Nəsimi rayonu,Nizami küçəsi,203 AZ1000,(+99455) 444-92-44,No Rating,4,Restoranlar,http://www.facebook.com/pages/T%C9%99am-Restoran/1477502055798801
Təndir restoranı,Bakı,Səbail rayonu,Kiçik Qala küçəsi,2 A AZ1000,(+99455) 214-84-00,No Rating,4,Azərbaycan mətbəxi,http://www.facebook.com/tendir1restoran
U Dali restoranı,Bakı,Nəsimi rayonu,Mirzə İbrahimbəyov küçəsi,5 AZ1000,(+99412) 594-93-56,No Rating,3,Gürcü mətbəxi,No Site
Ulduz Restoranı,Bakı,Nəsimi rayonu,Hüseyn Seyidzadə küçəsi,2A AZ1096,(+99412) 568-41-50,No Rating,4,Şadlıq evləri,No Site
Urfa Restoranı,Bakı,Xətai rayonu,Qaçaq Nəbi küçəsi,10 AZ1142,(+99412) 376-75-88,*** 1 səs,5,Türk mətbəxi,No Site
Üzük Restoranı,Bakı,Bilgəh qəsəbəsi,Sabunçu rayonu,Qələbə,(+99412) 565-40-00,No Rating,,Restoranlar,http://www.jumeirah.com
Vacare Restoran,Bakı,Xətai rayonu,Həsən Salmani küçəsi,15 AZ1095,(+99450) 367-70-00,No Rating,4,Kafelər,http://www.facebook.com/VACAREBAKU
Vapiano Baku,Bakı,Nəsimi rayonu,Üzeyir Hacıbəyov küçəsi,6/8 AZ1001,(+99412) 598-81-18,*** 4 səs,5,Restoranlar,http://www.vapiano.com/en/home/
Velluto restoranı,Bakı,Səbail rayonu,Həsən Seyidbəyli küçəsi,57 AZ1000,(+99412) 505-50-70,*** 2 səs,5,Azərbaycan mətbəxi,http://www.velluto.az
Venezia Restaurant & Cafe,Bakı,Səbail rayonu,Neftçilər prospekti AZ1000,No Postal Address,(+99450) 200-33-66,*** 1 səs,5,Kafelər,http://www.facebook.com/VeneziaRestaurantCafe
VİP Restoran,Bakı,Xətai rayonu,Yusif Səfərov küçəsi,23 A AZ1000,(+99412) 496-49-99,*** 1 səs,5,Restoranlar,http://www.crystal.az
Vista Restoranı,Bakı,Qurban Abbasov küçəsi,Səbail rayonu,7 AZ1000,(+99412) 491-02-27,*** 1 səs,5,Azərbaycan mətbəxi,http://www.crownhotelbaku.com
Wasabi,Bakı,Xətai rayonu,Xocalı prospekti,14 AZ1025,(+99412) 489-56-47,*** 4 səs,5,Asiya mətbəxi,http://www.wasabi.az
Wooden House Restoran,Bakı,Badamdar qəsəbəsi,Səbail rayonu,Leyli Məmmədbəyova küçəsi,(+99412) 502-37-36,*** 1 səs,5,Fast-fud,http://www.facebook.com/pages/Wooden-house-pub-karaoke/270289693158881?sk=timeline
Xalça restaurant & lounge,Bakı,Səbail rayonu,Mikayıl Hüseynov prospekti,28 AZ1000,(+994 12) 409-40-09,*** 2 səs,5,Restoranlar,http://www.facebook.com/xalcalounge/info?tab=overview
Xanədan Restoran,Bakı,Binəqədi rayonu,Ziya Bünyatov prospekti,43 AZ1000,(+99412) 562-14-08,*** 2 səs,5,Restoranlar,http://www.facebook.com/amkm.az
Xanədan Restoranı,Bakı,Səbail rayonu,Böyük Qala küçəsi AZ1000,No Postal Address,(+99412) 497-04-05,No Rating,4,Restoranlar,http://www.aze.c-group.az
Xurma restoranı,Bakı,Nərimanov rayonu,Ceyhun Hacıbəyli küçəsi,28 AZ1000,(+99412) 441-29-41,*** 3 səs,5,Azərbaycan mətbəxi,No Site
Xutor restoranı,Bakı,Səbail rayonu,Murtuza Muxtarov küçəsi,9/3 AZ1000,(+99412) 437-22-23,No Rating,4,Restoranlar,No Site
Xəzri Restoranı Dalğa Beach,Bakı,Mərdəkan qəsəbəsi,Xəzər rayonu,Sahil,(+99412) 565-55-35,*** 3 səs,5,Azərbaycan mətbəxi,http://www.dalgabeach.az
Yaxt Klub Kompleksi,Bakı,Səbail rayonu,Neftçilər prospekti,108 AZ1000,(+99412) 598-18-90,No Rating,4,Restoranlar,http://www.yachtclub.az
Yelkən Restoranı Dalğa Beach,Bakı,Mərdəkan qəsəbəsi,Xəzər rayonu,Sahil,(+99412) 565-55-35,No Rating,4,Azərbaycan mətbəxi,http://www.dalgabeach.az
Yeni Bakı restoranı,Bakı,Nəsimi rayonu,Dilarə Əliyeva küçəsi,251 AZ1010,(+99412) 496-81-65,*** 2 səs,5,Restoranlar,No Site
Yolki Palki Kabachok restoranı,Bakı,Səbail rayonu,Mehdi Hüseyn küçəsi,88 AZ1000,(+99412) 492-64-27,No Rating,4,Restoranlar,No Site
Yolki Palki Traktir restoranı,Bakı,Nəsimi rayonu,Mərdanov qardaşları küçəsi,15 AZ1000,(+99412) 594-24-92,No Rating,4,Restoranlar,No Site
Yurd Restoranı,Bakı,Qobustan rayonu,Bakı-Şamaxı şossesi,100 km AZ1000,(+99451) 872-30-00,No Rating,4,Azərbaycan mətbəxi,No Site
Yuukai Restaurant,Bakı,Bilgəh qəsəbəsi,Xəzər rayonu,Qələbə,(+99412) 565-40-00,*** 2 səs,5,Restoranlar,http://www.jumeirah.com
Zafferano restoranı,Bakı,Səbail rayonu,Neftçilər prospekti,1 AZ1000,(+99412) 404-24-24,*** 2 səs,5,Restoranlar,http://www.fourseasons.com
Zafo Restoran,Bakı,Yasamal rayonu,Kazım Kazımzadə küçəsi,7 AZ1000,(+99412) 541-00-74,*** 1 səs,5,Azərbaycan mətbəxi,http://www.facebook.com/pages/Zafo-restaurant-lounge/479868812156007?fref=ts
ZEST Lifestyle Cafe,Bakı,Azadlıq meydanı,Səbail rayonu,674 AZ1010,(+99412) 499-88-88,*** 1 səs,5,Kafelər,http://www.facebook.com/ZestLifestyleCafe/timeline
Zeytun Bağı Restoran,Bakı,Binəqədi rayonu,İlqar Cümşüdov küçəsi AZ1000,No Postal Address,(+99412) 565-84-84,No Rating,4,Azərbaycan mətbəxi,http://www.zeytunbagi.az
Zeytun restaurant,Bakı,Səbail rayonu,Neftçilər prospekti AZ1001,No Postal Address,(+99412) 598-74-20,No Rating,4,Azərbaycan mətbəxi,http://www.facebook.com/ZeytunBaku
Zirzəmi Restaurant & Lounge,Bakı,Yasamal rayonu,Mirzağa Əliyev küçəsi,Bül-Bül prospekti AZ1000,(+99412) 493-20-93,No Rating,4,Restoranlar,http://www.facebook.com/zirzemirestaurant/timeline
Znatniy Dvor,Bakı,Nəsimi rayonu,Əlövsət Quliyev küçəsi,131 AZ1000,(+99412) 594-14-66,*** 1 səs,5,Restoranlar,http://www.facebook.com/znatniydvor
Zoğal,Bakı,Nəsimi rayonu,Mirəli Qaşqay küçəsi,113 AZ1000,(+99412) 440-05-06,No Rating,4,Restoranlar,http://www.zogalrestaurant.az
Zümrüd Restoranı,Bakı,Nərimanov rayonu,Həsənoğlu küçəsi,15A AZ1000,(+99412) 564-25-55,*** 2 səs,5,Restoranlar,No Site
Əriştə restoranı,Bakı,Səbail rayonu,Qəzənfər Əlizadə küçəsi,6/8 AZ1005,(+99412) 498-95-09,*** 5 səs,5,Azərbaycan mətbəxi,http://www.facebook.com/pages/Əriştə/183535248391440
Zümrüd Restoranı,Bakı,Nərimanov rayonu,Həsənoğlu küçəsi,15A AZ1000,(+99412) 564-25-55,*** 2 səs,5,Restoranlar,No Site
Əriştə restoranı,Bakı,Səbail rayonu,Qəzənfər Əlizadə küçəsi,6/8 AZ1005,(+99412) 498-95-09,*** 5 səs,5,Azərbaycan mətbəxi,http://www.facebook.com/pages/Əriştə/183535248391440
Zümrüd Restoranı,Bakı,Nərimanov rayonu,Həsənoğlu küçəsi,15A AZ1000,(+99412) 564-25-55,*** 2 səs,5,Restoranlar,No Site
Əriştə restoranı,Bakı,Səbail rayonu,Qəzənfər Əlizadə küçəsi,6/8 AZ1005,(+99412) 498-95-09,*** 5 səs,5,Azərbaycan mətbəxi,http://www.facebook.com/pages/Əriştə/183535248391440
